{
    "properties": {
        "__categories": [
            {
                "expanded": true,
                "id": "fontInfo",
                "visible": true
            },
            {
                "expanded": true,
                "id": "name",
                "visible": true
            }
        ],
        "__groups": [
        ],
        "antialias": {
            "enabled": true,
            "type": "boolean",
            "value": true,
            "visible": true
        },
        "dataMemoryLocation": {
            "enabled": false,
            "type": "memorylocation",
            "value": "{351e9919-4a75-4749-851a-05b06bdf38da}",
            "visible": true
        },
        "dataSize": {
            "enabled": true,
            "type": "integer",
            "value": 0,
            "visible": false
        },
        "glyphCount": {
            "enabled": false,
            "type": "integer",
            "value": 95,
            "visible": true
        },
        "glyphDataSize": {
            "enabled": false,
            "type": "integer",
            "value": 10448,
            "visible": true
        },
        "glyphMemoryLocation": {
            "enabled": true,
            "type": "memorylocation",
            "value": "{351e9919-4a75-4749-851a-05b06bdf38da}",
            "visible": true
        },
        "height": {
            "enabled": true,
            "type": "integer",
            "value": 38,
            "visible": false
        },
        "id": {
            "enabled": true,
            "type": "uuid",
            "value": "{415a590a-acc2-46c3-8997-c011dec97f82}",
            "visible": true
        },
        "kerningDataSize": {
            "enabled": false,
            "type": "integer",
            "value": 1904,
            "visible": true
        },
        "maxBaseline": {
            "enabled": true,
            "type": "integer",
            "value": 16,
            "visible": false
        },
        "maxHeight": {
            "enabled": true,
            "type": "integer",
            "value": 21,
            "visible": false
        },
        "name": {
            "enabled": true,
            "type": "text",
            "value": "",
            "visible": true
        },
        "outputName": {
            "enabled": true,
            "type": "text",
            "value": "regular16",
            "visible": true
        },
        "pointSize": {
            "enabled": true,
            "type": "integer",
            "value": 16,
            "visible": true
        },
        "righttoleft": {
            "enabled": true,
            "type": "boolean",
            "value": false,
            "visible": true
        },
        "sourceName": {
            "enabled": false,
            "type": "text",
            "value": "Inter_18pt-Black.ttf",
            "visible": true
        }
    }
}
