{
    "fonts": [
        {
            "id": "{7237e6de-ab95-43d5-83e8-d57d21fb6871}",
            "name": "regularFont12"
        },
        {
            "id": "{2097dd8c-ae7f-4c38-b501-372c3ea814ee}",
            "name": "boldFont12"
        },
        {
            "id": "{8e89f1d5-00c6-4d95-b846-a902e559a4ac}",
            "name": "regularFont11"
        },
        {
            "id": "{8f0a14be-4bfd-4aae-a84e-074794581ea6}",
            "name": "bold27"
        }
    ],
    "paths": [
    ]
}
