{
    "bindings": [
        {
            "font": "{2097dd8c-ae7f-4c38-b501-372c3ea814ee}",
            "language": "{0ba4fc53-a74f-4b98-86b6-18b6f293ea3d}",
            "string": "{05b6887c-ca99-4e64-8fcd-bbc2ab1cb8a2}"
        },
        {
            "font": "{2097dd8c-ae7f-4c38-b501-372c3ea814ee}",
            "language": "{0ba4fc53-a74f-4b98-86b6-18b6f293ea3d}",
            "string": "{0c86ab9f-e929-4ad1-b3e4-7ca0efdff608}"
        },
        {
            "font": "{2097dd8c-ae7f-4c38-b501-372c3ea814ee}",
            "language": "{0ba4fc53-a74f-4b98-86b6-18b6f293ea3d}",
            "string": "{0d1e4202-9ce6-49e3-85c5-0a5cf1c34f2f}"
        },
        {
            "font": "{2097dd8c-ae7f-4c38-b501-372c3ea814ee}",
            "language": "{0ba4fc53-a74f-4b98-86b6-18b6f293ea3d}",
            "string": "{100171b5-8f27-4359-b96e-88fe469ddd92}"
        },
        {
            "font": "{2097dd8c-ae7f-4c38-b501-372c3ea814ee}",
            "language": "{0ba4fc53-a74f-4b98-86b6-18b6f293ea3d}",
            "string": "{1855695a-e055-4911-bec7-83167ca8793e}"
        },
        {
            "font": "{2097dd8c-ae7f-4c38-b501-372c3ea814ee}",
            "language": "{0ba4fc53-a74f-4b98-86b6-18b6f293ea3d}",
            "string": "{1ce49106-4107-402e-a370-f63e03e2acc5}"
        },
        {
            "font": "{2097dd8c-ae7f-4c38-b501-372c3ea814ee}",
            "language": "{0ba4fc53-a74f-4b98-86b6-18b6f293ea3d}",
            "string": "{2c7f6b2e-b692-4ab8-825a-cd01d45f235b}"
        },
        {
            "font": "{2097dd8c-ae7f-4c38-b501-372c3ea814ee}",
            "language": "{0ba4fc53-a74f-4b98-86b6-18b6f293ea3d}",
            "string": "{34bbbdda-808f-4dc2-9e63-f2e5a27f9fca}"
        },
        {
            "font": "{2097dd8c-ae7f-4c38-b501-372c3ea814ee}",
            "language": "{0ba4fc53-a74f-4b98-86b6-18b6f293ea3d}",
            "string": "{3aa43e20-6dc3-45a8-955f-fd361700a713}"
        },
        {
            "font": "{2097dd8c-ae7f-4c38-b501-372c3ea814ee}",
            "language": "{0ba4fc53-a74f-4b98-86b6-18b6f293ea3d}",
            "string": "{3b07a62b-68ca-4cc4-8e5e-f1d5e58e3f18}"
        },
        {
            "font": "{2097dd8c-ae7f-4c38-b501-372c3ea814ee}",
            "language": "{0ba4fc53-a74f-4b98-86b6-18b6f293ea3d}",
            "string": "{3f2378af-ee8e-4cd6-85e8-d600a1ce7a7f}"
        },
        {
            "font": "{2097dd8c-ae7f-4c38-b501-372c3ea814ee}",
            "language": "{0ba4fc53-a74f-4b98-86b6-18b6f293ea3d}",
            "string": "{4f306f7b-3d5f-4e56-aa30-704e85a9c655}"
        },
        {
            "font": "{2097dd8c-ae7f-4c38-b501-372c3ea814ee}",
            "language": "{0ba4fc53-a74f-4b98-86b6-18b6f293ea3d}",
            "string": "{529b7f5e-b5ef-4100-99c7-3f2ebb8b3f6b}"
        },
        {
            "font": "{2097dd8c-ae7f-4c38-b501-372c3ea814ee}",
            "language": "{0ba4fc53-a74f-4b98-86b6-18b6f293ea3d}",
            "string": "{54313579-e41b-4935-8dcb-8648777c4375}"
        },
        {
            "font": "{2097dd8c-ae7f-4c38-b501-372c3ea814ee}",
            "language": "{0ba4fc53-a74f-4b98-86b6-18b6f293ea3d}",
            "string": "{593cc993-7345-46a1-91f9-dec116feb59f}"
        },
        {
            "font": "{2097dd8c-ae7f-4c38-b501-372c3ea814ee}",
            "language": "{0ba4fc53-a74f-4b98-86b6-18b6f293ea3d}",
            "string": "{6d1d993a-cd42-4935-9a02-7f9afa2baee5}"
        },
        {
            "font": "{2097dd8c-ae7f-4c38-b501-372c3ea814ee}",
            "language": "{0ba4fc53-a74f-4b98-86b6-18b6f293ea3d}",
            "string": "{701cbf98-b456-4294-baf3-7ef6737a324a}"
        },
        {
            "font": "{2097dd8c-ae7f-4c38-b501-372c3ea814ee}",
            "language": "{0ba4fc53-a74f-4b98-86b6-18b6f293ea3d}",
            "string": "{7a83d5f4-d4ee-4951-98af-97bb38d9ea5f}"
        },
        {
            "font": "{2097dd8c-ae7f-4c38-b501-372c3ea814ee}",
            "language": "{0ba4fc53-a74f-4b98-86b6-18b6f293ea3d}",
            "string": "{7b94f278-1f40-462d-ad67-7fae2ccbcdcd}"
        },
        {
            "font": "{2097dd8c-ae7f-4c38-b501-372c3ea814ee}",
            "language": "{0ba4fc53-a74f-4b98-86b6-18b6f293ea3d}",
            "string": "{7d249577-175a-4e25-9699-dff7ebc0c97b}"
        },
        {
            "font": "{2097dd8c-ae7f-4c38-b501-372c3ea814ee}",
            "language": "{0ba4fc53-a74f-4b98-86b6-18b6f293ea3d}",
            "string": "{7fe8a555-11e0-4a72-bc9c-cb3f4b9f35e8}"
        },
        {
            "font": "{2097dd8c-ae7f-4c38-b501-372c3ea814ee}",
            "language": "{0ba4fc53-a74f-4b98-86b6-18b6f293ea3d}",
            "string": "{95b553ac-5a4d-4c54-890d-bc94fbe97aa5}"
        },
        {
            "font": "{2097dd8c-ae7f-4c38-b501-372c3ea814ee}",
            "language": "{0ba4fc53-a74f-4b98-86b6-18b6f293ea3d}",
            "string": "{98cb5741-5f3e-4170-8ea4-2aff21ad08a1}"
        },
        {
            "font": "{2097dd8c-ae7f-4c38-b501-372c3ea814ee}",
            "language": "{0ba4fc53-a74f-4b98-86b6-18b6f293ea3d}",
            "string": "{9d246cf2-55c4-431c-875f-6f96873350a0}"
        },
        {
            "font": "{2097dd8c-ae7f-4c38-b501-372c3ea814ee}",
            "language": "{0ba4fc53-a74f-4b98-86b6-18b6f293ea3d}",
            "string": "{a4358082-ae94-4b60-874f-cdc19dff9b7c}"
        },
        {
            "font": "{2097dd8c-ae7f-4c38-b501-372c3ea814ee}",
            "language": "{0ba4fc53-a74f-4b98-86b6-18b6f293ea3d}",
            "string": "{a6f864ab-434f-42b8-b5da-2cec20bfda7c}"
        },
        {
            "font": "{2097dd8c-ae7f-4c38-b501-372c3ea814ee}",
            "language": "{0ba4fc53-a74f-4b98-86b6-18b6f293ea3d}",
            "string": "{ab243356-4313-45e5-ab32-2b894f7288bb}"
        },
        {
            "font": "{2097dd8c-ae7f-4c38-b501-372c3ea814ee}",
            "language": "{0ba4fc53-a74f-4b98-86b6-18b6f293ea3d}",
            "string": "{f765dc42-615b-4b19-9138-49697f0e3ffb}"
        },
        {
            "font": "{7237e6de-ab95-43d5-83e8-d57d21fb6871}",
            "language": "{0ba4fc53-a74f-4b98-86b6-18b6f293ea3d}",
            "string": "{b3462b69-7240-484f-b553-0cc9b6e31cef}"
        },
        {
            "font": "{8e89f1d5-00c6-4d95-b846-a902e559a4ac}",
            "language": "{0ba4fc53-a74f-4b98-86b6-18b6f293ea3d}",
            "string": "{0340bc0d-8a8c-4de7-98f7-8c705d25d9c9}"
        },
        {
            "font": "{8e89f1d5-00c6-4d95-b846-a902e559a4ac}",
            "language": "{0ba4fc53-a74f-4b98-86b6-18b6f293ea3d}",
            "string": "{3c2fcaa0-6110-4887-861b-19e686a6ce94}"
        },
        {
            "font": "{8e89f1d5-00c6-4d95-b846-a902e559a4ac}",
            "language": "{0ba4fc53-a74f-4b98-86b6-18b6f293ea3d}",
            "string": "{3e0e6968-d8a8-4a8a-8290-58a82356eec0}"
        },
        {
            "font": "{8e89f1d5-00c6-4d95-b846-a902e559a4ac}",
            "language": "{0ba4fc53-a74f-4b98-86b6-18b6f293ea3d}",
            "string": "{3f9eedac-8e1b-465c-b726-80225daa2cd8}"
        },
        {
            "font": "{8e89f1d5-00c6-4d95-b846-a902e559a4ac}",
            "language": "{0ba4fc53-a74f-4b98-86b6-18b6f293ea3d}",
            "string": "{4d860e1b-1377-47db-b584-f953bf5654ff}"
        },
        {
            "font": "{8e89f1d5-00c6-4d95-b846-a902e559a4ac}",
            "language": "{0ba4fc53-a74f-4b98-86b6-18b6f293ea3d}",
            "string": "{4e1e2fb6-cad1-4225-8935-909190ba5aad}"
        },
        {
            "font": "{8e89f1d5-00c6-4d95-b846-a902e559a4ac}",
            "language": "{0ba4fc53-a74f-4b98-86b6-18b6f293ea3d}",
            "string": "{501f74ed-553f-453d-83fc-573133b02142}"
        },
        {
            "font": "{8e89f1d5-00c6-4d95-b846-a902e559a4ac}",
            "language": "{0ba4fc53-a74f-4b98-86b6-18b6f293ea3d}",
            "string": "{570f10a0-a23d-4f98-91ba-cfa408d47d70}"
        },
        {
            "font": "{8e89f1d5-00c6-4d95-b846-a902e559a4ac}",
            "language": "{0ba4fc53-a74f-4b98-86b6-18b6f293ea3d}",
            "string": "{7c44fd99-07e2-4e0a-aabf-26d6406988ea}"
        },
        {
            "font": "{7237e6de-ab95-43d5-83e8-d57d21fb6871}",
            "language": "{0ba4fc53-a74f-4b98-86b6-18b6f293ea3d}",
            "string": "{8d1ec559-23e3-440f-86b1-c69ca59d1432}"
        },
        {
            "font": "{8e89f1d5-00c6-4d95-b846-a902e559a4ac}",
            "language": "{0ba4fc53-a74f-4b98-86b6-18b6f293ea3d}",
            "string": "{944d9e0f-edf2-4370-82b9-46bffa108ced}"
        },
        {
            "font": "{8e89f1d5-00c6-4d95-b846-a902e559a4ac}",
            "language": "{0ba4fc53-a74f-4b98-86b6-18b6f293ea3d}",
            "string": "{972588a5-a503-4571-a513-5eef1d1021de}"
        },
        {
            "font": "{8e89f1d5-00c6-4d95-b846-a902e559a4ac}",
            "language": "{0ba4fc53-a74f-4b98-86b6-18b6f293ea3d}",
            "string": "{9ccabeb2-7ccb-444d-b095-42c71d673a23}"
        },
        {
            "font": "{2097dd8c-ae7f-4c38-b501-372c3ea814ee}",
            "language": "{0ba4fc53-a74f-4b98-86b6-18b6f293ea3d}",
            "string": "{bf51ab82-db44-459c-b803-73c4de11141e}"
        },
        {
            "font": "{2097dd8c-ae7f-4c38-b501-372c3ea814ee}",
            "language": "{0ba4fc53-a74f-4b98-86b6-18b6f293ea3d}",
            "string": "{bf9de5a8-b054-45e1-805a-9d927ee9aa15}"
        },
        {
            "font": "{2097dd8c-ae7f-4c38-b501-372c3ea814ee}",
            "language": "{0ba4fc53-a74f-4b98-86b6-18b6f293ea3d}",
            "string": "{c2c60482-fddb-4eca-a05a-49aa3f9da0f6}"
        },
        {
            "font": "{2097dd8c-ae7f-4c38-b501-372c3ea814ee}",
            "language": "{0ba4fc53-a74f-4b98-86b6-18b6f293ea3d}",
            "string": "{c4ca7609-99ad-441d-84b9-0059f790ca3e}"
        },
        {
            "font": "{7237e6de-ab95-43d5-83e8-d57d21fb6871}",
            "language": "{0ba4fc53-a74f-4b98-86b6-18b6f293ea3d}",
            "string": "{a947a55a-93fa-4f1d-b9e1-2f5266648d66}"
        },
        {
            "font": "{8e89f1d5-00c6-4d95-b846-a902e559a4ac}",
            "language": "{0ba4fc53-a74f-4b98-86b6-18b6f293ea3d}",
            "string": "{c712c222-de91-45a7-a341-c594bceb2b14}"
        },
        {
            "font": "{8e89f1d5-00c6-4d95-b846-a902e559a4ac}",
            "language": "{0ba4fc53-a74f-4b98-86b6-18b6f293ea3d}",
            "string": "{c90a0d37-054d-40f7-b8d6-483ffa55b3b0}"
        },
        {
            "font": "{8e89f1d5-00c6-4d95-b846-a902e559a4ac}",
            "language": "{0ba4fc53-a74f-4b98-86b6-18b6f293ea3d}",
            "string": "{cc5152d1-579d-46c0-8daa-40671c90b5f4}"
        },
        {
            "font": "{2097dd8c-ae7f-4c38-b501-372c3ea814ee}",
            "language": "{0ba4fc53-a74f-4b98-86b6-18b6f293ea3d}",
            "string": "{cd425952-d386-4acc-a054-b511505d44c5}"
        },
        {
            "font": "{8e89f1d5-00c6-4d95-b846-a902e559a4ac}",
            "language": "{0ba4fc53-a74f-4b98-86b6-18b6f293ea3d}",
            "string": "{cd94061c-059d-4100-8629-6cefefb1980d}"
        },
        {
            "font": "{7237e6de-ab95-43d5-83e8-d57d21fb6871}",
            "language": "{0ba4fc53-a74f-4b98-86b6-18b6f293ea3d}",
            "string": "{cf1a909f-302e-4070-ab7e-4d7f733c80cc}"
        },
        {
            "font": "{2097dd8c-ae7f-4c38-b501-372c3ea814ee}",
            "language": "{0ba4fc53-a74f-4b98-86b6-18b6f293ea3d}",
            "string": "{d562168b-7f49-48f1-902e-776be432e0a7}"
        },
        {
            "font": "{8e89f1d5-00c6-4d95-b846-a902e559a4ac}",
            "language": "{0ba4fc53-a74f-4b98-86b6-18b6f293ea3d}",
            "string": "{d56b616f-4843-4151-a495-b4bea0adf5ef}"
        },
        {
            "font": "{8e89f1d5-00c6-4d95-b846-a902e559a4ac}",
            "language": "{0ba4fc53-a74f-4b98-86b6-18b6f293ea3d}",
            "string": "{dc3bd212-5175-4ed5-b71f-d7c3d04cdce1}"
        },
        {
            "font": "{8e89f1d5-00c6-4d95-b846-a902e559a4ac}",
            "language": "{0ba4fc53-a74f-4b98-86b6-18b6f293ea3d}",
            "string": "{ddde78d8-dbc9-4001-a57d-f4784d43fad5}"
        },
        {
            "font": "{8e89f1d5-00c6-4d95-b846-a902e559a4ac}",
            "language": "{0ba4fc53-a74f-4b98-86b6-18b6f293ea3d}",
            "string": "{ed956ef6-56f6-4cf9-ad8f-2246c7a0cf33}"
        },
        {
            "font": "{8f0a14be-4bfd-4aae-a84e-074794581ea6}",
            "language": "{0ba4fc53-a74f-4b98-86b6-18b6f293ea3d}",
            "string": "{2732efdf-b49c-4659-91ea-a73a2265f8cd}"
        },
        {
            "font": "{2097dd8c-ae7f-4c38-b501-372c3ea814ee}",
            "language": "{0ba4fc53-a74f-4b98-86b6-18b6f293ea3d}",
            "string": "{f33428dc-eb9e-4c49-ac13-dd238bbc7f79}"
        },
        {
            "font": "{2097dd8c-ae7f-4c38-b501-372c3ea814ee}",
            "language": "{0ba4fc53-a74f-4b98-86b6-18b6f293ea3d}",
            "string": "{f868750f-df65-4183-b23f-a52dc2b99312}"
        },
        {
            "font": "{2097dd8c-ae7f-4c38-b501-372c3ea814ee}",
            "language": "{0ba4fc53-a74f-4b98-86b6-18b6f293ea3d}",
            "string": "{f885db27-cd00-47f1-80bf-287fca545da5}"
        },
        {
            "font": "{2097dd8c-ae7f-4c38-b501-372c3ea814ee}",
            "language": "{0ba4fc53-a74f-4b98-86b6-18b6f293ea3d}",
            "string": "{fbcd6578-5c77-46c3-a240-1590b20fbe16}"
        },
        {
            "font": "{8f0a14be-4bfd-4aae-a84e-074794581ea6}",
            "language": "{0ba4fc53-a74f-4b98-86b6-18b6f293ea3d}",
            "string": "{d33fa045-cc4d-4963-ae21-74f4f52a36be}"
        },
        {
            "font": "{8f0a14be-4bfd-4aae-a84e-074794581ea6}",
            "language": "{0ba4fc53-a74f-4b98-86b6-18b6f293ea3d}",
            "string": "{d8de5523-3453-4228-8eac-5c80658137d8}"
        }
    ],
    "defaultLanguage": "{0ba4fc53-a74f-4b98-86b6-18b6f293ea3d}",
    "encoding": "ASCII",
    "languages": [
        {
            "properties": {
                "__categories": [
                ],
                "__groups": [
                ],
                "enabled": {
                    "enabled": true,
                    "type": "boolean",
                    "value": true,
                    "visible": true
                },
                "id": {
                    "enabled": true,
                    "type": "uuid",
                    "value": "{0ba4fc53-a74f-4b98-86b6-18b6f293ea3d}",
                    "visible": true
                },
                "name": {
                    "enabled": true,
                    "type": "text",
                    "value": "Default",
                    "visible": true
                }
            }
        }
    ],
    "paths": [
    ],
    "strings": [
        {
            "properties": {
                "__categories": [
                ],
                "__groups": [
                ],
                "description": {
                    "enabled": true,
                    "type": "text",
                    "value": "",
                    "visible": true
                },
                "id": {
                    "enabled": true,
                    "type": "uuid",
                    "value": "{0340bc0d-8a8c-4de7-98f7-8c705d25d9c9}",
                    "visible": true
                },
                "name": {
                    "enabled": true,
                    "type": "text",
                    "value": "garlicK",
                    "visible": true
                },
                "path": {
                    "enabled": true,
                    "type": "text",
                    "value": "/",
                    "visible": true
                }
            },
            "values": [
                {
                    "language": "{0ba4fc53-a74f-4b98-86b6-18b6f293ea3d}",
                    "value": "Garlic Knots"
                }
            ]
        },
        {
            "properties": {
                "__categories": [
                ],
                "__groups": [
                ],
                "description": {
                    "enabled": true,
                    "type": "text",
                    "value": "",
                    "visible": true
                },
                "id": {
                    "enabled": true,
                    "type": "uuid",
                    "value": "{05b6887c-ca99-4e64-8fcd-bbc2ab1cb8a2}",
                    "visible": true
                },
                "name": {
                    "enabled": true,
                    "type": "text",
                    "value": "updateAvailableNotice",
                    "visible": true
                },
                "path": {
                    "enabled": true,
                    "type": "text",
                    "value": "/",
                    "visible": true
                }
            },
            "values": [
                {
                    "language": "{0ba4fc53-a74f-4b98-86b6-18b6f293ea3d}",
                    "value": "Update available!"
                }
            ]
        },
        {
            "properties": {
                "__categories": [
                ],
                "__groups": [
                ],
                "description": {
                    "enabled": true,
                    "type": "text",
                    "value": "",
                    "visible": true
                },
                "id": {
                    "enabled": true,
                    "type": "uuid",
                    "value": "{0c86ab9f-e929-4ad1-b3e4-7ca0efdff608}",
                    "visible": true
                },
                "name": {
                    "enabled": true,
                    "type": "text",
                    "value": "dAddRecipe",
                    "visible": true
                },
                "path": {
                    "enabled": true,
                    "type": "text",
                    "value": "/",
                    "visible": true
                }
            },
            "values": [
                {
                    "language": "{0ba4fc53-a74f-4b98-86b6-18b6f293ea3d}",
                    "value": "Don't Add"
                }
            ]
        },
        {
            "properties": {
                "__categories": [
                ],
                "__groups": [
                ],
                "description": {
                    "enabled": true,
                    "type": "text",
                    "value": "",
                    "visible": true
                },
                "id": {
                    "enabled": true,
                    "type": "uuid",
                    "value": "{0d1e4202-9ce6-49e3-85c5-0a5cf1c34f2f}",
                    "visible": true
                },
                "name": {
                    "enabled": true,
                    "type": "text",
                    "value": "kabobL",
                    "visible": true
                },
                "path": {
                    "enabled": true,
                    "type": "text",
                    "value": "/",
                    "visible": true
                }
            },
            "values": [
                {
                    "language": "{0ba4fc53-a74f-4b98-86b6-18b6f293ea3d}",
                    "value": "Kabob"
                }
            ]
        },
        {
            "properties": {
                "__categories": [
                ],
                "__groups": [
                ],
                "description": {
                    "enabled": true,
                    "type": "text",
                    "value": "",
                    "visible": true
                },
                "id": {
                    "enabled": true,
                    "type": "uuid",
                    "value": "{100171b5-8f27-4359-b96e-88fe469ddd92}",
                    "visible": true
                },
                "name": {
                    "enabled": true,
                    "type": "text",
                    "value": "firmwareUpdateNotice",
                    "visible": true
                },
                "path": {
                    "enabled": true,
                    "type": "text",
                    "value": "/",
                    "visible": true
                }
            },
            "values": [
                {
                    "language": "{0ba4fc53-a74f-4b98-86b6-18b6f293ea3d}",
                    "value": "Checking for \\nFirmware Update..."
                }
            ]
        },
        {
            "properties": {
                "__categories": [
                ],
                "__groups": [
                ],
                "description": {
                    "enabled": true,
                    "type": "text",
                    "value": "",
                    "visible": true
                },
                "id": {
                    "enabled": true,
                    "type": "uuid",
                    "value": "{1855695a-e055-4911-bec7-83167ca8793e}",
                    "visible": true
                },
                "name": {
                    "enabled": true,
                    "type": "text",
                    "value": "AddRecipes",
                    "visible": true
                },
                "path": {
                    "enabled": true,
                    "type": "text",
                    "value": "/",
                    "visible": true
                }
            },
            "values": [
                {
                    "language": "{0ba4fc53-a74f-4b98-86b6-18b6f293ea3d}",
                    "value": "Add Recipes"
                }
            ]
        },
        {
            "properties": {
                "__categories": [
                ],
                "__groups": [
                ],
                "description": {
                    "enabled": true,
                    "type": "text",
                    "value": "",
                    "visible": true
                },
                "id": {
                    "enabled": true,
                    "type": "uuid",
                    "value": "{1ce49106-4107-402e-a370-f63e03e2acc5}",
                    "visible": true
                },
                "name": {
                    "enabled": true,
                    "type": "text",
                    "value": "confirmationNotice",
                    "visible": true
                },
                "path": {
                    "enabled": true,
                    "type": "text",
                    "value": "/",
                    "visible": true
                }
            },
            "values": [
                {
                    "language": "{0ba4fc53-a74f-4b98-86b6-18b6f293ea3d}",
                    "value": "Are you sure you want to cancel?"
                }
            ]
        },
        {
            "properties": {
                "__categories": [
                ],
                "__groups": [
                ],
                "description": {
                    "enabled": true,
                    "type": "text",
                    "value": "",
                    "visible": true
                },
                "id": {
                    "enabled": true,
                    "type": "uuid",
                    "value": "{2732efdf-b49c-4659-91ea-a73a2265f8cd}",
                    "visible": true
                },
                "name": {
                    "enabled": true,
                    "type": "text",
                    "value": "cookScreenTime",
                    "visible": true
                },
                "path": {
                    "enabled": true,
                    "type": "text",
                    "value": "/",
                    "visible": true
                }
            },
            "values": [
                {
                    "language": "{0ba4fc53-a74f-4b98-86b6-18b6f293ea3d}",
                    "value": "0:03:21"
                }
            ]
        },
        {
            "properties": {
                "__categories": [
                ],
                "__groups": [
                ],
                "description": {
                    "enabled": true,
                    "type": "text",
                    "value": "",
                    "visible": true
                },
                "id": {
                    "enabled": true,
                    "type": "uuid",
                    "value": "{2c7f6b2e-b692-4ab8-825a-cd01d45f235b}",
                    "visible": true
                },
                "name": {
                    "enabled": true,
                    "type": "text",
                    "value": "back",
                    "visible": true
                },
                "path": {
                    "enabled": true,
                    "type": "text",
                    "value": "/",
                    "visible": true
                }
            },
            "values": [
                {
                    "language": "{0ba4fc53-a74f-4b98-86b6-18b6f293ea3d}",
                    "value": "Back"
                }
            ]
        },
        {
            "properties": {
                "__categories": [
                ],
                "__groups": [
                ],
                "description": {
                    "enabled": true,
                    "type": "text",
                    "value": "",
                    "visible": true
                },
                "id": {
                    "enabled": true,
                    "type": "uuid",
                    "value": "{34bbbdda-808f-4dc2-9e63-f2e5a27f9fca}",
                    "visible": true
                },
                "name": {
                    "enabled": true,
                    "type": "text",
                    "value": "Start",
                    "visible": true
                },
                "path": {
                    "enabled": true,
                    "type": "text",
                    "value": "/",
                    "visible": true
                }
            },
            "values": [
                {
                    "language": "{0ba4fc53-a74f-4b98-86b6-18b6f293ea3d}",
                    "value": "Start"
                }
            ]
        },
        {
            "properties": {
                "__categories": [
                ],
                "__groups": [
                ],
                "description": {
                    "enabled": true,
                    "type": "text",
                    "value": "",
                    "visible": true
                },
                "id": {
                    "enabled": true,
                    "type": "uuid",
                    "value": "{3aa43e20-6dc3-45a8-955f-fd361700a713}",
                    "visible": true
                },
                "name": {
                    "enabled": true,
                    "type": "text",
                    "value": "recent",
                    "visible": true
                },
                "path": {
                    "enabled": true,
                    "type": "text",
                    "value": "/",
                    "visible": true
                }
            },
            "values": [
                {
                    "language": "{0ba4fc53-a74f-4b98-86b6-18b6f293ea3d}",
                    "value": "Recents"
                }
            ]
        },
        {
            "properties": {
                "__categories": [
                ],
                "__groups": [
                ],
                "description": {
                    "enabled": true,
                    "type": "text",
                    "value": "",
                    "visible": true
                },
                "id": {
                    "enabled": true,
                    "type": "uuid",
                    "value": "{3b07a62b-68ca-4cc4-8e5e-f1d5e58e3f18}",
                    "visible": true
                },
                "name": {
                    "enabled": true,
                    "type": "text",
                    "value": "cancel",
                    "visible": true
                },
                "path": {
                    "enabled": true,
                    "type": "text",
                    "value": "/",
                    "visible": true
                }
            },
            "values": [
                {
                    "language": "{0ba4fc53-a74f-4b98-86b6-18b6f293ea3d}",
                    "value": "Cancel"
                }
            ]
        },
        {
            "properties": {
                "__categories": [
                ],
                "__groups": [
                ],
                "description": {
                    "enabled": true,
                    "type": "text",
                    "value": "",
                    "visible": true
                },
                "id": {
                    "enabled": true,
                    "type": "uuid",
                    "value": "{3c2fcaa0-6110-4887-861b-19e686a6ce94}",
                    "visible": true
                },
                "name": {
                    "enabled": true,
                    "type": "text",
                    "value": "Quesadilla",
                    "visible": true
                },
                "path": {
                    "enabled": true,
                    "type": "text",
                    "value": "/",
                    "visible": true
                }
            },
            "values": [
                {
                    "language": "{0ba4fc53-a74f-4b98-86b6-18b6f293ea3d}",
                    "value": "Quesadilla"
                }
            ]
        },
        {
            "properties": {
                "__categories": [
                ],
                "__groups": [
                ],
                "description": {
                    "enabled": true,
                    "type": "text",
                    "value": "",
                    "visible": true
                },
                "id": {
                    "enabled": true,
                    "type": "uuid",
                    "value": "{3e0e6968-d8a8-4a8a-8290-58a82356eec0}",
                    "visible": true
                },
                "name": {
                    "enabled": true,
                    "type": "text",
                    "value": "settings",
                    "visible": true
                },
                "path": {
                    "enabled": true,
                    "type": "text",
                    "value": "/",
                    "visible": true
                }
            },
            "values": [
                {
                    "language": "{0ba4fc53-a74f-4b98-86b6-18b6f293ea3d}",
                    "value": "Settings"
                }
            ]
        },
        {
            "properties": {
                "__categories": [
                ],
                "__groups": [
                ],
                "description": {
                    "enabled": true,
                    "type": "text",
                    "value": "",
                    "visible": true
                },
                "id": {
                    "enabled": true,
                    "type": "uuid",
                    "value": "{3f2378af-ee8e-4cd6-85e8-d600a1ce7a7f}",
                    "visible": true
                },
                "name": {
                    "enabled": true,
                    "type": "text",
                    "value": "pancakeL",
                    "visible": true
                },
                "path": {
                    "enabled": true,
                    "type": "text",
                    "value": "/",
                    "visible": true
                }
            },
            "values": [
                {
                    "language": "{0ba4fc53-a74f-4b98-86b6-18b6f293ea3d}",
                    "value": "Pancakes"
                }
            ]
        },
        {
            "properties": {
                "__categories": [
                ],
                "__groups": [
                ],
                "description": {
                    "enabled": true,
                    "type": "text",
                    "value": "",
                    "visible": true
                },
                "id": {
                    "enabled": true,
                    "type": "uuid",
                    "value": "{3f9eedac-8e1b-465c-b726-80225daa2cd8}",
                    "visible": true
                },
                "name": {
                    "enabled": true,
                    "type": "text",
                    "value": "recipes",
                    "visible": true
                },
                "path": {
                    "enabled": true,
                    "type": "text",
                    "value": "/",
                    "visible": true
                }
            },
            "values": [
                {
                    "language": "{0ba4fc53-a74f-4b98-86b6-18b6f293ea3d}",
                    "value": "Recipes"
                }
            ]
        },
        {
            "properties": {
                "__categories": [
                ],
                "__groups": [
                ],
                "description": {
                    "enabled": true,
                    "type": "text",
                    "value": "",
                    "visible": true
                },
                "id": {
                    "enabled": true,
                    "type": "uuid",
                    "value": "{4d860e1b-1377-47db-b584-f953bf5654ff}",
                    "visible": true
                },
                "name": {
                    "enabled": true,
                    "type": "text",
                    "value": "croissants",
                    "visible": true
                },
                "path": {
                    "enabled": true,
                    "type": "text",
                    "value": "/",
                    "visible": true
                }
            },
            "values": [
                {
                    "language": "{0ba4fc53-a74f-4b98-86b6-18b6f293ea3d}",
                    "value": "Croissants"
                }
            ]
        },
        {
            "properties": {
                "__categories": [
                ],
                "__groups": [
                ],
                "description": {
                    "enabled": true,
                    "type": "text",
                    "value": "",
                    "visible": true
                },
                "id": {
                    "enabled": true,
                    "type": "uuid",
                    "value": "{4e1e2fb6-cad1-4225-8935-909190ba5aad}",
                    "visible": true
                },
                "name": {
                    "enabled": true,
                    "type": "text",
                    "value": "chicken",
                    "visible": true
                },
                "path": {
                    "enabled": true,
                    "type": "text",
                    "value": "/",
                    "visible": true
                }
            },
            "values": [
                {
                    "language": "{0ba4fc53-a74f-4b98-86b6-18b6f293ea3d}",
                    "value": "Whole Chicken"
                }
            ]
        },
        {
            "properties": {
                "__categories": [
                ],
                "__groups": [
                ],
                "description": {
                    "enabled": true,
                    "type": "text",
                    "value": "",
                    "visible": true
                },
                "id": {
                    "enabled": true,
                    "type": "uuid",
                    "value": "{4f306f7b-3d5f-4e56-aa30-704e85a9c655}",
                    "visible": true
                },
                "name": {
                    "enabled": true,
                    "type": "text",
                    "value": "done",
                    "visible": true
                },
                "path": {
                    "enabled": true,
                    "type": "text",
                    "value": "/",
                    "visible": true
                }
            },
            "values": [
                {
                    "language": "{0ba4fc53-a74f-4b98-86b6-18b6f293ea3d}",
                    "value": "Done"
                }
            ]
        },
        {
            "properties": {
                "__categories": [
                ],
                "__groups": [
                ],
                "description": {
                    "enabled": true,
                    "type": "text",
                    "value": "",
                    "visible": true
                },
                "id": {
                    "enabled": true,
                    "type": "uuid",
                    "value": "{501f74ed-553f-453d-83fc-573133b02142}",
                    "visible": true
                },
                "name": {
                    "enabled": true,
                    "type": "text",
                    "value": "grilledSalmon",
                    "visible": true
                },
                "path": {
                    "enabled": true,
                    "type": "text",
                    "value": "/",
                    "visible": true
                }
            },
            "values": [
                {
                    "language": "{0ba4fc53-a74f-4b98-86b6-18b6f293ea3d}",
                    "value": "Grilled Salmon"
                }
            ]
        },
        {
            "properties": {
                "__categories": [
                ],
                "__groups": [
                ],
                "description": {
                    "enabled": true,
                    "type": "text",
                    "value": "",
                    "visible": true
                },
                "id": {
                    "enabled": true,
                    "type": "uuid",
                    "value": "{529b7f5e-b5ef-4100-99c7-3f2ebb8b3f6b}",
                    "visible": true
                },
                "name": {
                    "enabled": true,
                    "type": "text",
                    "value": "croissantsL",
                    "visible": true
                },
                "path": {
                    "enabled": true,
                    "type": "text",
                    "value": "/",
                    "visible": true
                }
            },
            "values": [
                {
                    "language": "{0ba4fc53-a74f-4b98-86b6-18b6f293ea3d}",
                    "value": "Croissants"
                }
            ]
        },
        {
            "properties": {
                "__categories": [
                ],
                "__groups": [
                ],
                "description": {
                    "enabled": true,
                    "type": "text",
                    "value": "",
                    "visible": true
                },
                "id": {
                    "enabled": true,
                    "type": "uuid",
                    "value": "{54313579-e41b-4935-8dcb-8648777c4375}",
                    "visible": true
                },
                "name": {
                    "enabled": true,
                    "type": "text",
                    "value": "grilledSalmonL",
                    "visible": true
                },
                "path": {
                    "enabled": true,
                    "type": "text",
                    "value": "/",
                    "visible": true
                }
            },
            "values": [
                {
                    "language": "{0ba4fc53-a74f-4b98-86b6-18b6f293ea3d}",
                    "value": "Grilled Salmon"
                }
            ]
        },
        {
            "properties": {
                "__categories": [
                ],
                "__groups": [
                ],
                "description": {
                    "enabled": true,
                    "type": "text",
                    "value": "",
                    "visible": true
                },
                "id": {
                    "enabled": true,
                    "type": "uuid",
                    "value": "{570f10a0-a23d-4f98-91ba-cfa408d47d70}",
                    "visible": true
                },
                "name": {
                    "enabled": true,
                    "type": "text",
                    "value": "Omlette",
                    "visible": true
                },
                "path": {
                    "enabled": true,
                    "type": "text",
                    "value": "/",
                    "visible": true
                }
            },
            "values": [
                {
                    "language": "{0ba4fc53-a74f-4b98-86b6-18b6f293ea3d}",
                    "value": "Omlette"
                }
            ]
        },
        {
            "properties": {
                "__categories": [
                ],
                "__groups": [
                ],
                "description": {
                    "enabled": true,
                    "type": "text",
                    "value": "",
                    "visible": true
                },
                "id": {
                    "enabled": true,
                    "type": "uuid",
                    "value": "{593cc993-7345-46a1-91f9-dec116feb59f}",
                    "visible": true
                },
                "name": {
                    "enabled": true,
                    "type": "text",
                    "value": "NotNow",
                    "visible": true
                },
                "path": {
                    "enabled": true,
                    "type": "text",
                    "value": "/",
                    "visible": true
                }
            },
            "values": [
                {
                    "language": "{0ba4fc53-a74f-4b98-86b6-18b6f293ea3d}",
                    "value": "Not Now"
                }
            ]
        },
        {
            "properties": {
                "__categories": [
                ],
                "__groups": [
                ],
                "description": {
                    "enabled": true,
                    "type": "text",
                    "value": "",
                    "visible": true
                },
                "id": {
                    "enabled": true,
                    "type": "uuid",
                    "value": "{6d1d993a-cd42-4935-9a02-7f9afa2baee5}",
                    "visible": true
                },
                "name": {
                    "enabled": true,
                    "type": "text",
                    "value": "chickenL",
                    "visible": true
                },
                "path": {
                    "enabled": true,
                    "type": "text",
                    "value": "/",
                    "visible": true
                }
            },
            "values": [
                {
                    "language": "{0ba4fc53-a74f-4b98-86b6-18b6f293ea3d}",
                    "value": "Whole Chicken"
                }
            ]
        },
        {
            "properties": {
                "__categories": [
                ],
                "__groups": [
                ],
                "description": {
                    "enabled": true,
                    "type": "text",
                    "value": "",
                    "visible": true
                },
                "id": {
                    "enabled": true,
                    "type": "uuid",
                    "value": "{701cbf98-b456-4294-baf3-7ef6737a324a}",
                    "visible": true
                },
                "name": {
                    "enabled": true,
                    "type": "text",
                    "value": "USBStatic",
                    "visible": true
                },
                "path": {
                    "enabled": true,
                    "type": "text",
                    "value": "/",
                    "visible": true
                }
            },
            "values": [
                {
                    "language": "{0ba4fc53-a74f-4b98-86b6-18b6f293ea3d}",
                    "value": "Scan USB for \\nRecipes"
                }
            ]
        },
        {
            "properties": {
                "__categories": [
                ],
                "__groups": [
                ],
                "description": {
                    "enabled": true,
                    "type": "text",
                    "value": "",
                    "visible": true
                },
                "id": {
                    "enabled": true,
                    "type": "uuid",
                    "value": "{7a83d5f4-d4ee-4951-98af-97bb38d9ea5f}",
                    "visible": true
                },
                "name": {
                    "enabled": true,
                    "type": "text",
                    "value": "garlicKL",
                    "visible": true
                },
                "path": {
                    "enabled": true,
                    "type": "text",
                    "value": "/",
                    "visible": true
                }
            },
            "values": [
                {
                    "language": "{0ba4fc53-a74f-4b98-86b6-18b6f293ea3d}",
                    "value": "Garlic Knots"
                }
            ]
        },
        {
            "properties": {
                "__categories": [
                ],
                "__groups": [
                ],
                "description": {
                    "enabled": true,
                    "type": "text",
                    "value": "",
                    "visible": true
                },
                "id": {
                    "enabled": true,
                    "type": "uuid",
                    "value": "{7b94f278-1f40-462d-ad67-7fae2ccbcdcd}",
                    "visible": true
                },
                "name": {
                    "enabled": true,
                    "type": "text",
                    "value": "eggL",
                    "visible": true
                },
                "path": {
                    "enabled": true,
                    "type": "text",
                    "value": "/",
                    "visible": true
                }
            },
            "values": [
                {
                    "language": "{0ba4fc53-a74f-4b98-86b6-18b6f293ea3d}",
                    "value": "Egg and Toast"
                }
            ]
        },
        {
            "properties": {
                "__categories": [
                ],
                "__groups": [
                ],
                "description": {
                    "enabled": true,
                    "type": "text",
                    "value": "",
                    "visible": true
                },
                "id": {
                    "enabled": true,
                    "type": "uuid",
                    "value": "{7c44fd99-07e2-4e0a-aabf-26d6406988ea}",
                    "visible": true
                },
                "name": {
                    "enabled": true,
                    "type": "text",
                    "value": "frenchToast",
                    "visible": true
                },
                "path": {
                    "enabled": true,
                    "type": "text",
                    "value": "/",
                    "visible": true
                }
            },
            "values": [
                {
                    "language": "{0ba4fc53-a74f-4b98-86b6-18b6f293ea3d}",
                    "value": "French Toast"
                }
            ]
        },
        {
            "properties": {
                "__categories": [
                ],
                "__groups": [
                ],
                "description": {
                    "enabled": true,
                    "type": "text",
                    "value": "",
                    "visible": true
                },
                "id": {
                    "enabled": true,
                    "type": "uuid",
                    "value": "{7d249577-175a-4e25-9699-dff7ebc0c97b}",
                    "visible": true
                },
                "name": {
                    "enabled": true,
                    "type": "text",
                    "value": "omletteL",
                    "visible": true
                },
                "path": {
                    "enabled": true,
                    "type": "text",
                    "value": "/",
                    "visible": true
                }
            },
            "values": [
                {
                    "language": "{0ba4fc53-a74f-4b98-86b6-18b6f293ea3d}",
                    "value": "Omlette"
                }
            ]
        },
        {
            "properties": {
                "__categories": [
                ],
                "__groups": [
                ],
                "description": {
                    "enabled": true,
                    "type": "text",
                    "value": "",
                    "visible": true
                },
                "id": {
                    "enabled": true,
                    "type": "uuid",
                    "value": "{7fe8a555-11e0-4a72-bc9c-cb3f4b9f35e8}",
                    "visible": true
                },
                "name": {
                    "enabled": true,
                    "type": "text",
                    "value": "burgerL",
                    "visible": true
                },
                "path": {
                    "enabled": true,
                    "type": "text",
                    "value": "/",
                    "visible": true
                }
            },
            "values": [
                {
                    "language": "{0ba4fc53-a74f-4b98-86b6-18b6f293ea3d}",
                    "value": "Burger"
                }
            ]
        },
        {
            "properties": {
                "__categories": [
                ],
                "__groups": [
                ],
                "description": {
                    "enabled": true,
                    "type": "text",
                    "value": "",
                    "visible": true
                },
                "id": {
                    "enabled": true,
                    "type": "uuid",
                    "value": "{8d1ec559-23e3-440f-86b1-c69ca59d1432}",
                    "visible": true
                },
                "name": {
                    "enabled": true,
                    "type": "text",
                    "value": "skyLinkConnct",
                    "visible": true
                },
                "path": {
                    "enabled": true,
                    "type": "text",
                    "value": "/",
                    "visible": true
                }
            },
            "values": [
                {
                    "language": "{0ba4fc53-a74f-4b98-86b6-18b6f293ea3d}",
                    "value": "        Skylink Connection"
                }
            ]
        },
        {
            "properties": {
                "__categories": [
                ],
                "__groups": [
                ],
                "description": {
                    "enabled": true,
                    "type": "text",
                    "value": "",
                    "visible": true
                },
                "id": {
                    "enabled": true,
                    "type": "uuid",
                    "value": "{944d9e0f-edf2-4370-82b9-46bffa108ced}",
                    "visible": true
                },
                "name": {
                    "enabled": true,
                    "type": "text",
                    "value": "smokedSalmon",
                    "visible": true
                },
                "path": {
                    "enabled": true,
                    "type": "text",
                    "value": "/",
                    "visible": true
                }
            },
            "values": [
                {
                    "language": "{0ba4fc53-a74f-4b98-86b6-18b6f293ea3d}",
                    "value": "Smoked Salmon"
                }
            ]
        },
        {
            "properties": {
                "__categories": [
                ],
                "__groups": [
                ],
                "description": {
                    "enabled": true,
                    "type": "text",
                    "value": "",
                    "visible": true
                },
                "id": {
                    "enabled": true,
                    "type": "uuid",
                    "value": "{95b553ac-5a4d-4c54-890d-bc94fbe97aa5}",
                    "visible": true
                },
                "name": {
                    "enabled": true,
                    "type": "text",
                    "value": "yes",
                    "visible": true
                },
                "path": {
                    "enabled": true,
                    "type": "text",
                    "value": "/",
                    "visible": true
                }
            },
            "values": [
                {
                    "language": "{0ba4fc53-a74f-4b98-86b6-18b6f293ea3d}",
                    "value": "Yes"
                }
            ]
        },
        {
            "properties": {
                "__categories": [
                ],
                "__groups": [
                ],
                "description": {
                    "enabled": true,
                    "type": "text",
                    "value": "",
                    "visible": true
                },
                "id": {
                    "enabled": true,
                    "type": "uuid",
                    "value": "{972588a5-a503-4571-a513-5eef1d1021de}",
                    "visible": true
                },
                "name": {
                    "enabled": true,
                    "type": "text",
                    "value": "egg",
                    "visible": true
                },
                "path": {
                    "enabled": true,
                    "type": "text",
                    "value": "/",
                    "visible": true
                }
            },
            "values": [
                {
                    "language": "{0ba4fc53-a74f-4b98-86b6-18b6f293ea3d}",
                    "value": "Egg and Toast"
                }
            ]
        },
        {
            "properties": {
                "__categories": [
                ],
                "__groups": [
                ],
                "description": {
                    "enabled": true,
                    "type": "text",
                    "value": "",
                    "visible": true
                },
                "id": {
                    "enabled": true,
                    "type": "uuid",
                    "value": "{98cb5741-5f3e-4170-8ea4-2aff21ad08a1}",
                    "visible": true
                },
                "name": {
                    "enabled": true,
                    "type": "text",
                    "value": "quesadillaL",
                    "visible": true
                },
                "path": {
                    "enabled": true,
                    "type": "text",
                    "value": "/",
                    "visible": true
                }
            },
            "values": [
                {
                    "language": "{0ba4fc53-a74f-4b98-86b6-18b6f293ea3d}",
                    "value": "Quesadilla"
                }
            ]
        },
        {
            "properties": {
                "__categories": [
                ],
                "__groups": [
                ],
                "description": {
                    "enabled": true,
                    "type": "text",
                    "value": "",
                    "visible": true
                },
                "id": {
                    "enabled": true,
                    "type": "uuid",
                    "value": "{9ccabeb2-7ccb-444d-b095-42c71d673a23}",
                    "visible": true
                },
                "name": {
                    "enabled": true,
                    "type": "text",
                    "value": "pizza",
                    "visible": true
                },
                "path": {
                    "enabled": true,
                    "type": "text",
                    "value": "/",
                    "visible": true
                }
            },
            "values": [
                {
                    "language": "{0ba4fc53-a74f-4b98-86b6-18b6f293ea3d}",
                    "value": "Supreme Pizza"
                }
            ]
        },
        {
            "properties": {
                "__categories": [
                ],
                "__groups": [
                ],
                "description": {
                    "enabled": true,
                    "type": "text",
                    "value": "",
                    "visible": true
                },
                "id": {
                    "enabled": true,
                    "type": "uuid",
                    "value": "{9d246cf2-55c4-431c-875f-6f96873350a0}",
                    "visible": true
                },
                "name": {
                    "enabled": true,
                    "type": "text",
                    "value": "otherNW",
                    "visible": true
                },
                "path": {
                    "enabled": true,
                    "type": "text",
                    "value": "/",
                    "visible": true
                }
            },
            "values": [
                {
                    "language": "{0ba4fc53-a74f-4b98-86b6-18b6f293ea3d}",
                    "value": "Other Available Networks"
                }
            ]
        },
        {
            "properties": {
                "__categories": [
                ],
                "__groups": [
                ],
                "description": {
                    "enabled": true,
                    "type": "text",
                    "value": "",
                    "visible": true
                },
                "id": {
                    "enabled": true,
                    "type": "uuid",
                    "value": "{a4358082-ae94-4b60-874f-cdc19dff9b7c}",
                    "visible": true
                },
                "name": {
                    "enabled": true,
                    "type": "text",
                    "value": "AdminPwdNotice",
                    "visible": true
                },
                "path": {
                    "enabled": true,
                    "type": "text",
                    "value": "/",
                    "visible": true
                }
            },
            "values": [
                {
                    "language": "{0ba4fc53-a74f-4b98-86b6-18b6f293ea3d}",
                    "value": "Enter Admin Password To\\nChange Settings:"
                }
            ]
        },
        {
            "properties": {
                "__categories": [
                ],
                "__groups": [
                ],
                "description": {
                    "enabled": true,
                    "type": "text",
                    "value": "",
                    "visible": true
                },
                "id": {
                    "enabled": true,
                    "type": "uuid",
                    "value": "{a6f864ab-434f-42b8-b5da-2cec20bfda7c}",
                    "visible": true
                },
                "name": {
                    "enabled": true,
                    "type": "text",
                    "value": "baconL",
                    "visible": true
                },
                "path": {
                    "enabled": true,
                    "type": "text",
                    "value": "/",
                    "visible": true
                }
            },
            "values": [
                {
                    "language": "{0ba4fc53-a74f-4b98-86b6-18b6f293ea3d}",
                    "value": "Bacon"
                }
            ]
        },
        {
            "properties": {
                "__categories": [
                ],
                "__groups": [
                ],
                "description": {
                    "enabled": true,
                    "type": "text",
                    "value": "",
                    "visible": true
                },
                "id": {
                    "enabled": true,
                    "type": "uuid",
                    "value": "{a947a55a-93fa-4f1d-b9e1-2f5266648d66}",
                    "visible": true
                },
                "name": {
                    "enabled": true,
                    "type": "text",
                    "value": "billLiwifi",
                    "visible": true
                },
                "path": {
                    "enabled": true,
                    "type": "text",
                    "value": "/",
                    "visible": true
                }
            },
            "values": [
                {
                    "language": "{0ba4fc53-a74f-4b98-86b6-18b6f293ea3d}",
                    "value": "        Bill Li Science Guy"
                }
            ]
        },
        {
            "properties": {
                "__categories": [
                ],
                "__groups": [
                ],
                "description": {
                    "enabled": true,
                    "type": "text",
                    "value": "",
                    "visible": true
                },
                "id": {
                    "enabled": true,
                    "type": "uuid",
                    "value": "{ab243356-4313-45e5-ab32-2b894f7288bb}",
                    "visible": true
                },
                "name": {
                    "enabled": true,
                    "type": "text",
                    "value": "favorite",
                    "visible": true
                },
                "path": {
                    "enabled": true,
                    "type": "text",
                    "value": "/",
                    "visible": true
                }
            },
            "values": [
                {
                    "language": "{0ba4fc53-a74f-4b98-86b6-18b6f293ea3d}",
                    "value": "Favorites"
                }
            ]
        },
        {
            "properties": {
                "__categories": [
                ],
                "__groups": [
                ],
                "description": {
                    "enabled": true,
                    "type": "text",
                    "value": "",
                    "visible": true
                },
                "id": {
                    "enabled": true,
                    "type": "uuid",
                    "value": "{b3462b69-7240-484f-b553-0cc9b6e31cef}",
                    "visible": true
                },
                "name": {
                    "enabled": true,
                    "type": "text",
                    "value": "time",
                    "visible": true
                },
                "path": {
                    "enabled": true,
                    "type": "text",
                    "value": "/",
                    "visible": true
                }
            },
            "values": [
                {
                    "language": "{0ba4fc53-a74f-4b98-86b6-18b6f293ea3d}",
                    "value": "1:51 PM"
                }
            ]
        },
        {
            "properties": {
                "__categories": [
                ],
                "__groups": [
                ],
                "description": {
                    "enabled": true,
                    "type": "text",
                    "value": "",
                    "visible": true
                },
                "id": {
                    "enabled": true,
                    "type": "uuid",
                    "value": "{bf51ab82-db44-459c-b803-73c4de11141e}",
                    "visible": true
                },
                "name": {
                    "enabled": true,
                    "type": "text",
                    "value": "pizzaL",
                    "visible": true
                },
                "path": {
                    "enabled": true,
                    "type": "text",
                    "value": "/",
                    "visible": true
                }
            },
            "values": [
                {
                    "language": "{0ba4fc53-a74f-4b98-86b6-18b6f293ea3d}",
                    "value": "Supreme Pizza"
                }
            ]
        },
        {
            "properties": {
                "__categories": [
                ],
                "__groups": [
                ],
                "description": {
                    "enabled": true,
                    "type": "text",
                    "value": "",
                    "visible": true
                },
                "id": {
                    "enabled": true,
                    "type": "uuid",
                    "value": "{bf9de5a8-b054-45e1-805a-9d927ee9aa15}",
                    "visible": true
                },
                "name": {
                    "enabled": true,
                    "type": "text",
                    "value": "smokedSalmonL",
                    "visible": true
                },
                "path": {
                    "enabled": true,
                    "type": "text",
                    "value": "/",
                    "visible": true
                }
            },
            "values": [
                {
                    "language": "{0ba4fc53-a74f-4b98-86b6-18b6f293ea3d}",
                    "value": "Smoked Salmon"
                }
            ]
        },
        {
            "properties": {
                "__categories": [
                ],
                "__groups": [
                ],
                "description": {
                    "enabled": true,
                    "type": "text",
                    "value": "",
                    "visible": true
                },
                "id": {
                    "enabled": true,
                    "type": "uuid",
                    "value": "{c2c60482-fddb-4eca-a05a-49aa3f9da0f6}",
                    "visible": true
                },
                "name": {
                    "enabled": true,
                    "type": "text",
                    "value": "FirmwareStatic",
                    "visible": true
                },
                "path": {
                    "enabled": true,
                    "type": "text",
                    "value": "/",
                    "visible": true
                }
            },
            "values": [
                {
                    "language": "{0ba4fc53-a74f-4b98-86b6-18b6f293ea3d}",
                    "value": "Check for\\nFirmware Update"
                }
            ]
        },
        {
            "properties": {
                "__categories": [
                ],
                "__groups": [
                ],
                "description": {
                    "enabled": true,
                    "type": "text",
                    "value": "",
                    "visible": true
                },
                "id": {
                    "enabled": true,
                    "type": "uuid",
                    "value": "{c4ca7609-99ad-441d-84b9-0059f790ca3e}",
                    "visible": true
                },
                "name": {
                    "enabled": true,
                    "type": "text",
                    "value": "reciepeAvl",
                    "visible": true
                },
                "path": {
                    "enabled": true,
                    "type": "text",
                    "value": "/",
                    "visible": true
                }
            },
            "values": [
                {
                    "language": "{0ba4fc53-a74f-4b98-86b6-18b6f293ea3d}",
                    "value": "4 New recipes found!"
                }
            ]
        },
        {
            "properties": {
                "__categories": [
                ],
                "__groups": [
                ],
                "description": {
                    "enabled": true,
                    "type": "text",
                    "value": "",
                    "visible": true
                },
                "id": {
                    "enabled": true,
                    "type": "uuid",
                    "value": "{c712c222-de91-45a7-a341-c594bceb2b14}",
                    "visible": true
                },
                "name": {
                    "enabled": true,
                    "type": "text",
                    "value": "home",
                    "visible": true
                },
                "path": {
                    "enabled": true,
                    "type": "text",
                    "value": "/",
                    "visible": true
                }
            },
            "values": [
                {
                    "language": "{0ba4fc53-a74f-4b98-86b6-18b6f293ea3d}",
                    "value": "Home"
                }
            ]
        },
        {
            "properties": {
                "__categories": [
                ],
                "__groups": [
                ],
                "description": {
                    "enabled": true,
                    "type": "text",
                    "value": "",
                    "visible": true
                },
                "id": {
                    "enabled": true,
                    "type": "uuid",
                    "value": "{c90a0d37-054d-40f7-b8d6-483ffa55b3b0}",
                    "visible": true
                },
                "name": {
                    "enabled": true,
                    "type": "text",
                    "value": "addToFav",
                    "visible": true
                },
                "path": {
                    "enabled": true,
                    "type": "text",
                    "value": "/",
                    "visible": true
                }
            },
            "values": [
                {
                    "language": "{0ba4fc53-a74f-4b98-86b6-18b6f293ea3d}",
                    "value": "Add to Favorites"
                }
            ]
        },
        {
            "properties": {
                "__categories": [
                ],
                "__groups": [
                ],
                "description": {
                    "enabled": true,
                    "type": "text",
                    "value": "",
                    "visible": true
                },
                "id": {
                    "enabled": true,
                    "type": "uuid",
                    "value": "{cc5152d1-579d-46c0-8daa-40671c90b5f4}",
                    "visible": true
                },
                "name": {
                    "enabled": true,
                    "type": "text",
                    "value": "Pancakes",
                    "visible": true
                },
                "path": {
                    "enabled": true,
                    "type": "text",
                    "value": "/",
                    "visible": true
                }
            },
            "values": [
                {
                    "language": "{0ba4fc53-a74f-4b98-86b6-18b6f293ea3d}",
                    "value": "Pancakes"
                }
            ]
        },
        {
            "properties": {
                "__categories": [
                ],
                "__groups": [
                ],
                "description": {
                    "enabled": true,
                    "type": "text",
                    "value": "",
                    "visible": true
                },
                "id": {
                    "enabled": true,
                    "type": "uuid",
                    "value": "{cd425952-d386-4acc-a054-b511505d44c5}",
                    "visible": true
                },
                "name": {
                    "enabled": true,
                    "type": "text",
                    "value": "frenchToastL",
                    "visible": true
                },
                "path": {
                    "enabled": true,
                    "type": "text",
                    "value": "/",
                    "visible": true
                }
            },
            "values": [
                {
                    "language": "{0ba4fc53-a74f-4b98-86b6-18b6f293ea3d}",
                    "value": "French Toast"
                }
            ]
        },
        {
            "properties": {
                "__categories": [
                ],
                "__groups": [
                ],
                "description": {
                    "enabled": true,
                    "type": "text",
                    "value": "",
                    "visible": true
                },
                "id": {
                    "enabled": true,
                    "type": "uuid",
                    "value": "{cd94061c-059d-4100-8629-6cefefb1980d}",
                    "visible": true
                },
                "name": {
                    "enabled": true,
                    "type": "text",
                    "value": "kabob",
                    "visible": true
                },
                "path": {
                    "enabled": true,
                    "type": "text",
                    "value": "/",
                    "visible": true
                }
            },
            "values": [
                {
                    "language": "{0ba4fc53-a74f-4b98-86b6-18b6f293ea3d}",
                    "value": "Kabob"
                }
            ]
        },
        {
            "properties": {
                "__categories": [
                ],
                "__groups": [
                ],
                "description": {
                    "enabled": true,
                    "type": "text",
                    "value": "",
                    "visible": true
                },
                "id": {
                    "enabled": true,
                    "type": "uuid",
                    "value": "{cf1a909f-302e-4070-ab7e-4d7f733c80cc}",
                    "visible": true
                },
                "name": {
                    "enabled": true,
                    "type": "text",
                    "value": "notice1",
                    "visible": true
                },
                "path": {
                    "enabled": true,
                    "type": "text",
                    "value": "/",
                    "visible": true
                }
            },
            "values": [
                {
                    "language": "{0ba4fc53-a74f-4b98-86b6-18b6f293ea3d}",
                    "value": "Please remove\\n food from tray."
                }
            ]
        },
        {
            "properties": {
                "__categories": [
                ],
                "__groups": [
                ],
                "description": {
                    "enabled": true,
                    "type": "text",
                    "value": "",
                    "visible": true
                },
                "id": {
                    "enabled": true,
                    "type": "uuid",
                    "value": "{d33fa045-cc4d-4963-ae21-74f4f52a36be}",
                    "visible": true
                },
                "name": {
                    "enabled": true,
                    "type": "text",
                    "value": "wifiSetup",
                    "visible": true
                },
                "path": {
                    "enabled": true,
                    "type": "text",
                    "value": "/",
                    "visible": true
                }
            },
            "values": [
                {
                    "language": "{0ba4fc53-a74f-4b98-86b6-18b6f293ea3d}",
                    "value": "Wifi Setup"
                }
            ]
        },
        {
            "properties": {
                "__categories": [
                ],
                "__groups": [
                ],
                "description": {
                    "enabled": true,
                    "type": "text",
                    "value": "",
                    "visible": true
                },
                "id": {
                    "enabled": true,
                    "type": "uuid",
                    "value": "{d562168b-7f49-48f1-902e-776be432e0a7}",
                    "visible": true
                },
                "name": {
                    "enabled": true,
                    "type": "text",
                    "value": "WifiStatic",
                    "visible": true
                },
                "path": {
                    "enabled": true,
                    "type": "text",
                    "value": "/",
                    "visible": true
                }
            },
            "values": [
                {
                    "language": "{0ba4fc53-a74f-4b98-86b6-18b6f293ea3d}",
                    "value": "Wifi Setup"
                }
            ]
        },
        {
            "properties": {
                "__categories": [
                ],
                "__groups": [
                ],
                "description": {
                    "enabled": true,
                    "type": "text",
                    "value": "",
                    "visible": true
                },
                "id": {
                    "enabled": true,
                    "type": "uuid",
                    "value": "{d56b616f-4843-4151-a495-b4bea0adf5ef}",
                    "visible": true
                },
                "name": {
                    "enabled": true,
                    "type": "text",
                    "value": "muffin",
                    "visible": true
                },
                "path": {
                    "enabled": true,
                    "type": "text",
                    "value": "/",
                    "visible": true
                }
            },
            "values": [
                {
                    "language": "{0ba4fc53-a74f-4b98-86b6-18b6f293ea3d}",
                    "value": "Muffins"
                }
            ]
        },
        {
            "properties": {
                "__categories": [
                ],
                "__groups": [
                ],
                "description": {
                    "enabled": true,
                    "type": "text",
                    "value": "",
                    "visible": true
                },
                "id": {
                    "enabled": true,
                    "type": "uuid",
                    "value": "{d8de5523-3453-4228-8eac-5c80658137d8}",
                    "visible": true
                },
                "name": {
                    "enabled": true,
                    "type": "text",
                    "value": "foodComplete",
                    "visible": true
                },
                "path": {
                    "enabled": true,
                    "type": "text",
                    "value": "/",
                    "visible": true
                }
            },
            "values": [
                {
                    "language": "{0ba4fc53-a74f-4b98-86b6-18b6f293ea3d}",
                    "value": "Food \\n Complete!"
                }
            ]
        },
        {
            "properties": {
                "__categories": [
                ],
                "__groups": [
                ],
                "description": {
                    "enabled": true,
                    "type": "text",
                    "value": "",
                    "visible": true
                },
                "id": {
                    "enabled": true,
                    "type": "uuid",
                    "value": "{dc3bd212-5175-4ed5-b71f-d7c3d04cdce1}",
                    "visible": true
                },
                "name": {
                    "enabled": true,
                    "type": "text",
                    "value": "buritto",
                    "visible": true
                },
                "path": {
                    "enabled": true,
                    "type": "text",
                    "value": "/",
                    "visible": true
                }
            },
            "values": [
                {
                    "language": "{0ba4fc53-a74f-4b98-86b6-18b6f293ea3d}",
                    "value": "Breakfast Burrito"
                }
            ]
        },
        {
            "properties": {
                "__categories": [
                ],
                "__groups": [
                ],
                "description": {
                    "enabled": true,
                    "type": "text",
                    "value": "",
                    "visible": true
                },
                "id": {
                    "enabled": true,
                    "type": "uuid",
                    "value": "{ddde78d8-dbc9-4001-a57d-f4784d43fad5}",
                    "visible": true
                },
                "name": {
                    "enabled": true,
                    "type": "text",
                    "value": "bacon",
                    "visible": true
                },
                "path": {
                    "enabled": true,
                    "type": "text",
                    "value": "/",
                    "visible": true
                }
            },
            "values": [
                {
                    "language": "{0ba4fc53-a74f-4b98-86b6-18b6f293ea3d}",
                    "value": "Bacon"
                }
            ]
        },
        {
            "properties": {
                "__categories": [
                ],
                "__groups": [
                ],
                "description": {
                    "enabled": true,
                    "type": "text",
                    "value": "",
                    "visible": true
                },
                "id": {
                    "enabled": true,
                    "type": "uuid",
                    "value": "{ed956ef6-56f6-4cf9-ad8f-2246c7a0cf33}",
                    "visible": true
                },
                "name": {
                    "enabled": true,
                    "type": "text",
                    "value": "burger",
                    "visible": true
                },
                "path": {
                    "enabled": true,
                    "type": "text",
                    "value": "/",
                    "visible": true
                }
            },
            "values": [
                {
                    "language": "{0ba4fc53-a74f-4b98-86b6-18b6f293ea3d}",
                    "value": "Burger"
                }
            ]
        },
        {
            "properties": {
                "__categories": [
                ],
                "__groups": [
                ],
                "description": {
                    "enabled": true,
                    "type": "text",
                    "value": "",
                    "visible": true
                },
                "id": {
                    "enabled": true,
                    "type": "uuid",
                    "value": "{f33428dc-eb9e-4c49-ac13-dd238bbc7f79}",
                    "visible": true
                },
                "name": {
                    "enabled": true,
                    "type": "text",
                    "value": "muffinL",
                    "visible": true
                },
                "path": {
                    "enabled": true,
                    "type": "text",
                    "value": "/",
                    "visible": true
                }
            },
            "values": [
                {
                    "language": "{0ba4fc53-a74f-4b98-86b6-18b6f293ea3d}",
                    "value": "Muffins"
                }
            ]
        },
        {
            "properties": {
                "__categories": [
                ],
                "__groups": [
                ],
                "description": {
                    "enabled": true,
                    "type": "text",
                    "value": "",
                    "visible": true
                },
                "id": {
                    "enabled": true,
                    "type": "uuid",
                    "value": "{f765dc42-615b-4b19-9138-49697f0e3ffb}",
                    "visible": true
                },
                "name": {
                    "enabled": true,
                    "type": "text",
                    "value": "temperature",
                    "visible": true
                },
                "path": {
                    "enabled": true,
                    "type": "text",
                    "value": "/",
                    "visible": true
                }
            },
            "values": [
                {
                    "language": "{0ba4fc53-a74f-4b98-86b6-18b6f293ea3d}",
                    "value": "100°F"
                }
            ]
        },
        {
            "properties": {
                "__categories": [
                ],
                "__groups": [
                ],
                "description": {
                    "enabled": true,
                    "type": "text",
                    "value": "",
                    "visible": true
                },
                "id": {
                    "enabled": true,
                    "type": "uuid",
                    "value": "{f868750f-df65-4183-b23f-a52dc2b99312}",
                    "visible": true
                },
                "name": {
                    "enabled": true,
                    "type": "text",
                    "value": "USBUpdateNotice",
                    "visible": true
                },
                "path": {
                    "enabled": true,
                    "type": "text",
                    "value": "/",
                    "visible": true
                }
            },
            "values": [
                {
                    "language": "{0ba4fc53-a74f-4b98-86b6-18b6f293ea3d}",
                    "value": "Scanning USB device\\nfor additional recipes"
                }
            ]
        },
        {
            "properties": {
                "__categories": [
                ],
                "__groups": [
                ],
                "description": {
                    "enabled": true,
                    "type": "text",
                    "value": "",
                    "visible": true
                },
                "id": {
                    "enabled": true,
                    "type": "uuid",
                    "value": "{f885db27-cd00-47f1-80bf-287fca545da5}",
                    "visible": true
                },
                "name": {
                    "enabled": true,
                    "type": "text",
                    "value": "update",
                    "visible": true
                },
                "path": {
                    "enabled": true,
                    "type": "text",
                    "value": "/",
                    "visible": true
                }
            },
            "values": [
                {
                    "language": "{0ba4fc53-a74f-4b98-86b6-18b6f293ea3d}",
                    "value": "Update"
                }
            ]
        },
        {
            "properties": {
                "__categories": [
                ],
                "__groups": [
                ],
                "description": {
                    "enabled": true,
                    "type": "text",
                    "value": "",
                    "visible": true
                },
                "id": {
                    "enabled": true,
                    "type": "uuid",
                    "value": "{fbcd6578-5c77-46c3-a240-1590b20fbe16}",
                    "visible": true
                },
                "name": {
                    "enabled": true,
                    "type": "text",
                    "value": "burritoL",
                    "visible": true
                },
                "path": {
                    "enabled": true,
                    "type": "text",
                    "value": "/",
                    "visible": true
                }
            },
            "values": [
                {
                    "language": "{0ba4fc53-a74f-4b98-86b6-18b6f293ea3d}",
                    "value": "Breakfast Burrito"
                }
            ]
        }
    ]
}
