{
    "bindings": [
        {
            "font": "{3ca22854-069b-423d-8645-5e961b496fdd}",
            "language": "{d6c0d827-2563-446b-8aeb-b026ced5cfe9}",
            "string": "{0a90085f-f56a-4d61-abfc-d8f5599bc1a7}"
        },
        {
            "font": "{415a590a-acc2-46c3-8997-c011dec97f82}",
            "language": "{d6c0d827-2563-446b-8aeb-b026ced5cfe9}",
            "string": "{0c27bc90-80a0-4e54-80a3-b9f0f72e116b}"
        },
        {
            "font": "{3ca22854-069b-423d-8645-5e961b496fdd}",
            "language": "{d6c0d827-2563-446b-8aeb-b026ced5cfe9}",
            "string": "{0d6471ce-5690-42b8-aaf4-11c100b513a6}"
        },
        {
            "font": "{3ca22854-069b-423d-8645-5e961b496fdd}",
            "language": "{d6c0d827-2563-446b-8aeb-b026ced5cfe9}",
            "string": "{0eb58678-5424-4051-9205-8623d7e2afd7}"
        },
        {
            "font": "{3ca22854-069b-423d-8645-5e961b496fdd}",
            "language": "{d6c0d827-2563-446b-8aeb-b026ced5cfe9}",
            "string": "{108525ba-c575-45e5-8838-e0d124eece32}"
        },
        {
            "font": "{415a590a-acc2-46c3-8997-c011dec97f82}",
            "language": "{d6c0d827-2563-446b-8aeb-b026ced5cfe9}",
            "string": "{12342d32-6711-42c9-9695-e221401a54ef}"
        },
        {
            "font": "{3ca22854-069b-423d-8645-5e961b496fdd}",
            "language": "{d6c0d827-2563-446b-8aeb-b026ced5cfe9}",
            "string": "{183743ed-cf7d-4832-b12c-0d0cea54952e}"
        },
        {
            "font": "{3ca22854-069b-423d-8645-5e961b496fdd}",
            "language": "{d6c0d827-2563-446b-8aeb-b026ced5cfe9}",
            "string": "{20dce678-2abc-4d2f-bc8a-be28235eef52}"
        },
        {
            "font": "{415a590a-acc2-46c3-8997-c011dec97f82}",
            "language": "{d6c0d827-2563-446b-8aeb-b026ced5cfe9}",
            "string": "{170ff893-9ffc-4e22-83c0-98ad31c91eb7}"
        },
        {
            "font": "{415a590a-acc2-46c3-8997-c011dec97f82}",
            "language": "{d6c0d827-2563-446b-8aeb-b026ced5cfe9}",
            "string": "{38e3468c-a12a-42c7-86e8-71419b5755c9}"
        },
        {
            "font": "{415a590a-acc2-46c3-8997-c011dec97f82}",
            "language": "{d6c0d827-2563-446b-8aeb-b026ced5cfe9}",
            "string": "{39c67b57-80ed-41ae-97ef-b6b8469efe43}"
        },
        {
            "font": "{415a590a-acc2-46c3-8997-c011dec97f82}",
            "language": "{d6c0d827-2563-446b-8aeb-b026ced5cfe9}",
            "string": "{446608d8-8c51-4437-9f12-85b84b5dc695}"
        },
        {
            "font": "{415a590a-acc2-46c3-8997-c011dec97f82}",
            "language": "{d6c0d827-2563-446b-8aeb-b026ced5cfe9}",
            "string": "{457cfa63-a560-4c34-911f-bdcf2dcf6e73}"
        },
        {
            "font": "{3ca22854-069b-423d-8645-5e961b496fdd}",
            "language": "{d6c0d827-2563-446b-8aeb-b026ced5cfe9}",
            "string": "{4b370e64-51e0-4128-bec0-22debb90e590}"
        },
        {
            "font": "{3ca22854-069b-423d-8645-5e961b496fdd}",
            "language": "{d6c0d827-2563-446b-8aeb-b026ced5cfe9}",
            "string": "{4c2a239a-c045-48a6-a84d-86158fb16ae3}"
        },
        {
            "font": "{415a590a-acc2-46c3-8997-c011dec97f82}",
            "language": "{d6c0d827-2563-446b-8aeb-b026ced5cfe9}",
            "string": "{491ff448-a7b1-41e6-ae1d-705dec0f2fb3}"
        },
        {
            "font": "{415a590a-acc2-46c3-8997-c011dec97f82}",
            "language": "{d6c0d827-2563-446b-8aeb-b026ced5cfe9}",
            "string": "{56b5af56-3acd-4756-969b-f471de2f701f}"
        },
        {
            "font": "{415a590a-acc2-46c3-8997-c011dec97f82}",
            "language": "{d6c0d827-2563-446b-8aeb-b026ced5cfe9}",
            "string": "{583457c7-2beb-4c28-abdc-927b2ad5b172}"
        },
        {
            "font": "{415a590a-acc2-46c3-8997-c011dec97f82}",
            "language": "{d6c0d827-2563-446b-8aeb-b026ced5cfe9}",
            "string": "{6543b8f4-b830-4340-aed9-cfbc583a5092}"
        },
        {
            "font": "{3ca22854-069b-423d-8645-5e961b496fdd}",
            "language": "{d6c0d827-2563-446b-8aeb-b026ced5cfe9}",
            "string": "{66571afb-4eaf-43ae-b9ef-95b43c0c2aa6}"
        },
        {
            "font": "{415a590a-acc2-46c3-8997-c011dec97f82}",
            "language": "{d6c0d827-2563-446b-8aeb-b026ced5cfe9}",
            "string": "{6f3f4cd5-1464-460a-a275-8a3499d18b00}"
        },
        {
            "font": "{415a590a-acc2-46c3-8997-c011dec97f82}",
            "language": "{d6c0d827-2563-446b-8aeb-b026ced5cfe9}",
            "string": "{71c4649b-6e80-42a5-8a64-2a49419c446e}"
        },
        {
            "font": "{3ca22854-069b-423d-8645-5e961b496fdd}",
            "language": "{d6c0d827-2563-446b-8aeb-b026ced5cfe9}",
            "string": "{7211cbcb-4a66-4535-b1e5-892533c28719}"
        },
        {
            "font": "{3ca22854-069b-423d-8645-5e961b496fdd}",
            "language": "{d6c0d827-2563-446b-8aeb-b026ced5cfe9}",
            "string": "{788f30be-cc4d-4b0c-97f2-f2d8113ae253}"
        },
        {
            "font": "{415a590a-acc2-46c3-8997-c011dec97f82}",
            "language": "{d6c0d827-2563-446b-8aeb-b026ced5cfe9}",
            "string": "{72ea6d39-7479-4355-b6ab-613733c231de}"
        },
        {
            "font": "{4d0d76d3-1df9-4e3f-a6c5-5c673719f2cd}",
            "language": "{d6c0d827-2563-446b-8aeb-b026ced5cfe9}",
            "string": "{79916b4d-eb7a-4831-b8bf-2204f80311b7}"
        },
        {
            "font": "{cb7d7bc8-938f-490a-a21e-5159ff29fcee}",
            "language": "{d6c0d827-2563-446b-8aeb-b026ced5cfe9}",
            "string": "{1ee166d5-90c0-4f85-b395-79c28923e228}"
        },
        {
            "font": "{cb7d7bc8-938f-490a-a21e-5159ff29fcee}",
            "language": "{d6c0d827-2563-446b-8aeb-b026ced5cfe9}",
            "string": "{3b83d15e-69b7-4131-9d05-3a6cb9ba493f}"
        },
        {
            "font": "{3ca22854-069b-423d-8645-5e961b496fdd}",
            "language": "{d6c0d827-2563-446b-8aeb-b026ced5cfe9}",
            "string": "{7c0dd247-a71f-49e6-8104-f5dd8dba733c}"
        },
        {
            "font": "{415a590a-acc2-46c3-8997-c011dec97f82}",
            "language": "{d6c0d827-2563-446b-8aeb-b026ced5cfe9}",
            "string": "{7c027178-a425-433a-83c2-5f503a5e7b82}"
        },
        {
            "font": "{415a590a-acc2-46c3-8997-c011dec97f82}",
            "language": "{d6c0d827-2563-446b-8aeb-b026ced5cfe9}",
            "string": "{7ca84fd3-5366-405d-8067-72e5837ed123}"
        },
        {
            "font": "{3ca22854-069b-423d-8645-5e961b496fdd}",
            "language": "{d6c0d827-2563-446b-8aeb-b026ced5cfe9}",
            "string": "{92dc8d6a-0cb3-489b-81e7-0418f6e78d10}"
        },
        {
            "font": "{3ca22854-069b-423d-8645-5e961b496fdd}",
            "language": "{d6c0d827-2563-446b-8aeb-b026ced5cfe9}",
            "string": "{949fe09f-0fab-4fe0-98d2-fb72de1fea7c}"
        },
        {
            "font": "{415a590a-acc2-46c3-8997-c011dec97f82}",
            "language": "{d6c0d827-2563-446b-8aeb-b026ced5cfe9}",
            "string": "{b27f6669-7be6-44d0-89a9-e792eaad1369}"
        },
        {
            "font": "{cb7d7bc8-938f-490a-a21e-5159ff29fcee}",
            "language": "{d6c0d827-2563-446b-8aeb-b026ced5cfe9}",
            "string": "{66fe5eed-0a08-44e3-bda2-c049635a3dc4}"
        },
        {
            "font": "{3ca22854-069b-423d-8645-5e961b496fdd}",
            "language": "{d6c0d827-2563-446b-8aeb-b026ced5cfe9}",
            "string": "{b7546a4c-4e0f-4243-9f70-a2d3f0e498f6}"
        },
        {
            "font": "{415a590a-acc2-46c3-8997-c011dec97f82}",
            "language": "{d6c0d827-2563-446b-8aeb-b026ced5cfe9}",
            "string": "{b5e0ab9b-ea05-45c5-8002-1a77c6639a3b}"
        },
        {
            "font": "{415a590a-acc2-46c3-8997-c011dec97f82}",
            "language": "{d6c0d827-2563-446b-8aeb-b026ced5cfe9}",
            "string": "{b813af33-637a-497c-9466-3338dc9f4964}"
        },
        {
            "font": "{415a590a-acc2-46c3-8997-c011dec97f82}",
            "language": "{d6c0d827-2563-446b-8aeb-b026ced5cfe9}",
            "string": "{bf3906d4-7bec-4ecc-9daa-0a4cb40901b9}"
        },
        {
            "font": "{415a590a-acc2-46c3-8997-c011dec97f82}",
            "language": "{d6c0d827-2563-446b-8aeb-b026ced5cfe9}",
            "string": "{c6c7a386-375a-4984-ba22-9f6782290fb2}"
        },
        {
            "font": "{415a590a-acc2-46c3-8997-c011dec97f82}",
            "language": "{d6c0d827-2563-446b-8aeb-b026ced5cfe9}",
            "string": "{c8e7fd83-846f-48b9-a719-4e6acc440ada}"
        },
        {
            "font": "{415a590a-acc2-46c3-8997-c011dec97f82}",
            "language": "{d6c0d827-2563-446b-8aeb-b026ced5cfe9}",
            "string": "{d4cea8d3-4ab8-48e2-a6ec-c861ccd61985}"
        },
        {
            "font": "{3ca22854-069b-423d-8645-5e961b496fdd}",
            "language": "{d6c0d827-2563-446b-8aeb-b026ced5cfe9}",
            "string": "{dbfdb269-ddd9-4e6d-97d9-828b680a9a85}"
        },
        {
            "font": "{415a590a-acc2-46c3-8997-c011dec97f82}",
            "language": "{d6c0d827-2563-446b-8aeb-b026ced5cfe9}",
            "string": "{e8152796-11f4-41cc-b2c4-eb257f31af00}"
        },
        {
            "font": "{415a590a-acc2-46c3-8997-c011dec97f82}",
            "language": "{d6c0d827-2563-446b-8aeb-b026ced5cfe9}",
            "string": "{e84ea79b-0142-4ba5-9787-3d2c5d794210}"
        },
        {
            "font": "{415a590a-acc2-46c3-8997-c011dec97f82}",
            "language": "{d6c0d827-2563-446b-8aeb-b026ced5cfe9}",
            "string": "{ec6a8192-d88a-4b37-89c2-2c883db010ee}"
        },
        {
            "font": "{415a590a-acc2-46c3-8997-c011dec97f82}",
            "language": "{d6c0d827-2563-446b-8aeb-b026ced5cfe9}",
            "string": "{ef58ed6d-7f4e-4814-bfc4-2f5357b6450c}"
        },
        {
            "font": "{415a590a-acc2-46c3-8997-c011dec97f82}",
            "language": "{d6c0d827-2563-446b-8aeb-b026ced5cfe9}",
            "string": "{f0ca39f7-7784-450b-aaa1-33a6ba7e1134}"
        },
        {
            "font": "{415a590a-acc2-46c3-8997-c011dec97f82}",
            "language": "{d6c0d827-2563-446b-8aeb-b026ced5cfe9}",
            "string": "{f22fd3da-908c-46bd-895a-743c67e19999}"
        },
        {
            "font": "{82ad11be-7c61-4973-819c-c43fd8e47e87}",
            "language": "{d6c0d827-2563-446b-8aeb-b026ced5cfe9}",
            "string": "{1048891d-7f1c-454b-bfed-c44c0f286b52}"
        },
        {
            "font": "{82ad11be-7c61-4973-819c-c43fd8e47e87}",
            "language": "{d6c0d827-2563-446b-8aeb-b026ced5cfe9}",
            "string": "{10bbb59f-4d3b-483a-bb58-e36d29b1c01a}"
        },
        {
            "font": "{82ad11be-7c61-4973-819c-c43fd8e47e87}",
            "language": "{d6c0d827-2563-446b-8aeb-b026ced5cfe9}",
            "string": "{13e8199a-7fdc-4893-bd1a-2f61faff98a0}"
        },
        {
            "font": "{82ad11be-7c61-4973-819c-c43fd8e47e87}",
            "language": "{d6c0d827-2563-446b-8aeb-b026ced5cfe9}",
            "string": "{3493edbb-a6a8-41c4-8d10-5c2569599971}"
        },
        {
            "font": "{82ad11be-7c61-4973-819c-c43fd8e47e87}",
            "language": "{d6c0d827-2563-446b-8aeb-b026ced5cfe9}",
            "string": "{4457342a-f58e-4d77-be4f-824c92b2f44b}"
        },
        {
            "font": "{3ca22854-069b-423d-8645-5e961b496fdd}",
            "language": "{d6c0d827-2563-446b-8aeb-b026ced5cfe9}",
            "string": "{ff3952d5-615c-4621-af8e-961b38882d8c}"
        },
        {
            "font": "{82ad11be-7c61-4973-819c-c43fd8e47e87}",
            "language": "{d6c0d827-2563-446b-8aeb-b026ced5cfe9}",
            "string": "{5696112a-085f-4598-bbc0-bb2665c29663}"
        },
        {
            "font": "{82ad11be-7c61-4973-819c-c43fd8e47e87}",
            "language": "{d6c0d827-2563-446b-8aeb-b026ced5cfe9}",
            "string": "{58a1942e-749d-4cf3-9930-d16bf6cdc8a1}"
        },
        {
            "font": "{82ad11be-7c61-4973-819c-c43fd8e47e87}",
            "language": "{d6c0d827-2563-446b-8aeb-b026ced5cfe9}",
            "string": "{711e6c63-8213-4f9c-8b2c-2d6b51cee6ff}"
        },
        {
            "font": "{82ad11be-7c61-4973-819c-c43fd8e47e87}",
            "language": "{d6c0d827-2563-446b-8aeb-b026ced5cfe9}",
            "string": "{c267e02c-3509-4c06-b047-1ba6f1cc4e31}"
        },
        {
            "font": "{82ad11be-7c61-4973-819c-c43fd8e47e87}",
            "language": "{d6c0d827-2563-446b-8aeb-b026ced5cfe9}",
            "string": "{caeb0f6c-9764-49ad-a54f-698833e6bf47}"
        },
        {
            "font": "{82ad11be-7c61-4973-819c-c43fd8e47e87}",
            "language": "{d6c0d827-2563-446b-8aeb-b026ced5cfe9}",
            "string": "{da9e66a5-ba0e-4920-8c02-83556cf33ef2}"
        },
        {
            "font": "{82ad11be-7c61-4973-819c-c43fd8e47e87}",
            "language": "{d6c0d827-2563-446b-8aeb-b026ced5cfe9}",
            "string": "{e0b5704f-a790-4857-88b4-8ab7f59a8c2d}"
        },
        {
            "font": "{cb7d7bc8-938f-490a-a21e-5159ff29fcee}",
            "language": "{d6c0d827-2563-446b-8aeb-b026ced5cfe9}",
            "string": "{37aa5cfe-432a-4b76-b141-4f9a709fb9c3}"
        },
        {
            "font": "{fef5ea0b-a504-448c-9dac-052af2c26d1a}",
            "language": "{d6c0d827-2563-446b-8aeb-b026ced5cfe9}",
            "string": "{e9a33fac-0448-4e07-8bd9-59d213cad082}"
        },
        {
            "font": "{415a590a-acc2-46c3-8997-c011dec97f82}",
            "language": "{d6c0d827-2563-446b-8aeb-b026ced5cfe9}",
            "string": "{fa8e3394-084c-44bb-9665-acfaf60ce451}"
        },
        {
            "font": "{82ad11be-7c61-4973-819c-c43fd8e47e87}",
            "language": "{d6c0d827-2563-446b-8aeb-b026ced5cfe9}",
            "string": "{f203141f-248a-4a71-bf50-80ae10653ac1}"
        }
    ],
    "defaultLanguage": "{d6c0d827-2563-446b-8aeb-b026ced5cfe9}",
    "encoding": "ASCII",
    "languages": [
        {
            "properties": {
                "__categories": [
                ],
                "__groups": [
                ],
                "enabled": {
                    "enabled": true,
                    "type": "boolean",
                    "value": true,
                    "visible": true
                },
                "id": {
                    "enabled": true,
                    "type": "uuid",
                    "value": "{d6c0d827-2563-446b-8aeb-b026ced5cfe9}",
                    "visible": true
                },
                "name": {
                    "enabled": true,
                    "type": "text",
                    "value": "Default",
                    "visible": true
                }
            }
        }
    ],
    "paths": [
    ],
    "strings": [
        {
            "properties": {
                "__categories": [
                ],
                "__groups": [
                ],
                "description": {
                    "enabled": true,
                    "type": "text",
                    "value": "",
                    "visible": true
                },
                "id": {
                    "enabled": true,
                    "type": "uuid",
                    "value": "{0a90085f-f56a-4d61-abfc-d8f5599bc1a7}",
                    "visible": true
                },
                "name": {
                    "enabled": true,
                    "type": "text",
                    "value": "muffinL",
                    "visible": true
                },
                "path": {
                    "enabled": true,
                    "type": "text",
                    "value": "/",
                    "visible": true
                }
            },
            "values": [
                {
                    "language": "{d6c0d827-2563-446b-8aeb-b026ced5cfe9}",
                    "value": "Muffins"
                }
            ]
        },
        {
            "properties": {
                "__categories": [
                ],
                "__groups": [
                ],
                "description": {
                    "enabled": true,
                    "type": "text",
                    "value": "",
                    "visible": true
                },
                "id": {
                    "enabled": true,
                    "type": "uuid",
                    "value": "{0c27bc90-80a0-4e54-80a3-b9f0f72e116b}",
                    "visible": true
                },
                "name": {
                    "enabled": true,
                    "type": "text",
                    "value": "garlicKnots",
                    "visible": true
                },
                "path": {
                    "enabled": true,
                    "type": "text",
                    "value": "/",
                    "visible": true
                }
            },
            "values": [
                {
                    "language": "{d6c0d827-2563-446b-8aeb-b026ced5cfe9}",
                    "value": "Garlic Knots"
                }
            ]
        },
        {
            "properties": {
                "__categories": [
                ],
                "__groups": [
                ],
                "description": {
                    "enabled": true,
                    "type": "text",
                    "value": "",
                    "visible": true
                },
                "id": {
                    "enabled": true,
                    "type": "uuid",
                    "value": "{0d6471ce-5690-42b8-aaf4-11c100b513a6}",
                    "visible": true
                },
                "name": {
                    "enabled": true,
                    "type": "text",
                    "value": "BaconL",
                    "visible": true
                },
                "path": {
                    "enabled": true,
                    "type": "text",
                    "value": "/",
                    "visible": true
                }
            },
            "values": [
                {
                    "language": "{d6c0d827-2563-446b-8aeb-b026ced5cfe9}",
                    "value": "Bacon"
                }
            ]
        },
        {
            "properties": {
                "__categories": [
                ],
                "__groups": [
                ],
                "description": {
                    "enabled": true,
                    "type": "text",
                    "value": "",
                    "visible": true
                },
                "id": {
                    "enabled": true,
                    "type": "uuid",
                    "value": "{0eb58678-5424-4051-9205-8623d7e2afd7}",
                    "visible": true
                },
                "name": {
                    "enabled": true,
                    "type": "text",
                    "value": "eggL",
                    "visible": true
                },
                "path": {
                    "enabled": true,
                    "type": "text",
                    "value": "/",
                    "visible": true
                }
            },
            "values": [
                {
                    "language": "{d6c0d827-2563-446b-8aeb-b026ced5cfe9}",
                    "value": "Egg and Toast"
                }
            ]
        },
        {
            "properties": {
                "__categories": [
                ],
                "__groups": [
                ],
                "description": {
                    "enabled": true,
                    "type": "text",
                    "value": "",
                    "visible": true
                },
                "id": {
                    "enabled": true,
                    "type": "uuid",
                    "value": "{1048891d-7f1c-454b-bfed-c44c0f286b52}",
                    "visible": true
                },
                "name": {
                    "enabled": true,
                    "type": "text",
                    "value": "done",
                    "visible": true
                },
                "path": {
                    "enabled": true,
                    "type": "text",
                    "value": "/",
                    "visible": true
                }
            },
            "values": [
                {
                    "language": "{d6c0d827-2563-446b-8aeb-b026ced5cfe9}",
                    "value": "Done"
                }
            ]
        },
        {
            "properties": {
                "__categories": [
                ],
                "__groups": [
                ],
                "description": {
                    "enabled": true,
                    "type": "text",
                    "value": "",
                    "visible": true
                },
                "id": {
                    "enabled": true,
                    "type": "uuid",
                    "value": "{108525ba-c575-45e5-8838-e0d124eece32}",
                    "visible": true
                },
                "name": {
                    "enabled": true,
                    "type": "text",
                    "value": "chickenL",
                    "visible": true
                },
                "path": {
                    "enabled": true,
                    "type": "text",
                    "value": "/",
                    "visible": true
                }
            },
            "values": [
                {
                    "language": "{d6c0d827-2563-446b-8aeb-b026ced5cfe9}",
                    "value": "Whole Chicken"
                }
            ]
        },
        {
            "properties": {
                "__categories": [
                ],
                "__groups": [
                ],
                "description": {
                    "enabled": true,
                    "type": "text",
                    "value": "",
                    "visible": true
                },
                "id": {
                    "enabled": true,
                    "type": "uuid",
                    "value": "{10bbb59f-4d3b-483a-bb58-e36d29b1c01a}",
                    "visible": true
                },
                "name": {
                    "enabled": true,
                    "type": "text",
                    "value": "reciepeAvl",
                    "visible": true
                },
                "path": {
                    "enabled": true,
                    "type": "text",
                    "value": "/",
                    "visible": true
                }
            },
            "values": [
                {
                    "language": "{d6c0d827-2563-446b-8aeb-b026ced5cfe9}",
                    "value": "4 New recipes found!"
                }
            ]
        },
        {
            "properties": {
                "__categories": [
                ],
                "__groups": [
                ],
                "description": {
                    "enabled": true,
                    "type": "text",
                    "value": "",
                    "visible": true
                },
                "id": {
                    "enabled": true,
                    "type": "uuid",
                    "value": "{12342d32-6711-42c9-9695-e221401a54ef}",
                    "visible": true
                },
                "name": {
                    "enabled": true,
                    "type": "text",
                    "value": "Settings",
                    "visible": true
                },
                "path": {
                    "enabled": true,
                    "type": "text",
                    "value": "/",
                    "visible": true
                }
            },
            "values": [
                {
                    "language": "{d6c0d827-2563-446b-8aeb-b026ced5cfe9}",
                    "value": "Settings"
                }
            ]
        },
        {
            "properties": {
                "__categories": [
                ],
                "__groups": [
                ],
                "description": {
                    "enabled": true,
                    "type": "text",
                    "value": "",
                    "visible": true
                },
                "id": {
                    "enabled": true,
                    "type": "uuid",
                    "value": "{13e8199a-7fdc-4893-bd1a-2f61faff98a0}",
                    "visible": true
                },
                "name": {
                    "enabled": true,
                    "type": "text",
                    "value": "firmwareUpdateNotice",
                    "visible": true
                },
                "path": {
                    "enabled": true,
                    "type": "text",
                    "value": "/",
                    "visible": true
                }
            },
            "values": [
                {
                    "language": "{d6c0d827-2563-446b-8aeb-b026ced5cfe9}",
                    "value": "Checking for \\nFirmware Update..."
                }
            ]
        },
        {
            "properties": {
                "__categories": [
                ],
                "__groups": [
                ],
                "description": {
                    "enabled": true,
                    "type": "text",
                    "value": "",
                    "visible": true
                },
                "id": {
                    "enabled": true,
                    "type": "uuid",
                    "value": "{170ff893-9ffc-4e22-83c0-98ad31c91eb7}",
                    "visible": true
                },
                "name": {
                    "enabled": true,
                    "type": "text",
                    "value": "NotNow",
                    "visible": true
                },
                "path": {
                    "enabled": true,
                    "type": "text",
                    "value": "/",
                    "visible": true
                }
            },
            "values": [
                {
                    "language": "{d6c0d827-2563-446b-8aeb-b026ced5cfe9}",
                    "value": "Not Now"
                }
            ]
        },
        {
            "properties": {
                "__categories": [
                ],
                "__groups": [
                ],
                "description": {
                    "enabled": true,
                    "type": "text",
                    "value": "",
                    "visible": true
                },
                "id": {
                    "enabled": true,
                    "type": "uuid",
                    "value": "{183743ed-cf7d-4832-b12c-0d0cea54952e}",
                    "visible": true
                },
                "name": {
                    "enabled": true,
                    "type": "text",
                    "value": "garlicKnotsL",
                    "visible": true
                },
                "path": {
                    "enabled": true,
                    "type": "text",
                    "value": "/",
                    "visible": true
                }
            },
            "values": [
                {
                    "language": "{d6c0d827-2563-446b-8aeb-b026ced5cfe9}",
                    "value": "Garlic Knots"
                }
            ]
        },
        {
            "properties": {
                "__categories": [
                ],
                "__groups": [
                ],
                "description": {
                    "enabled": true,
                    "type": "text",
                    "value": "",
                    "visible": true
                },
                "id": {
                    "enabled": true,
                    "type": "uuid",
                    "value": "{1ee166d5-90c0-4f85-b395-79c28923e228}",
                    "visible": true
                },
                "name": {
                    "enabled": true,
                    "type": "text",
                    "value": "Recents",
                    "visible": true
                },
                "path": {
                    "enabled": true,
                    "type": "text",
                    "value": "/",
                    "visible": true
                }
            },
            "values": [
                {
                    "language": "{d6c0d827-2563-446b-8aeb-b026ced5cfe9}",
                    "value": "Recents"
                }
            ]
        },
        {
            "properties": {
                "__categories": [
                ],
                "__groups": [
                ],
                "description": {
                    "enabled": true,
                    "type": "text",
                    "value": "",
                    "visible": true
                },
                "id": {
                    "enabled": true,
                    "type": "uuid",
                    "value": "{20dce678-2abc-4d2f-bc8a-be28235eef52}",
                    "visible": true
                },
                "name": {
                    "enabled": true,
                    "type": "text",
                    "value": "grilledSalmonL",
                    "visible": true
                },
                "path": {
                    "enabled": true,
                    "type": "text",
                    "value": "/",
                    "visible": true
                }
            },
            "values": [
                {
                    "language": "{d6c0d827-2563-446b-8aeb-b026ced5cfe9}",
                    "value": "Grilled Salmon"
                }
            ]
        },
        {
            "properties": {
                "__categories": [
                ],
                "__groups": [
                ],
                "description": {
                    "enabled": true,
                    "type": "text",
                    "value": "",
                    "visible": true
                },
                "id": {
                    "enabled": true,
                    "type": "uuid",
                    "value": "{3493edbb-a6a8-41c4-8d10-5c2569599971}",
                    "visible": true
                },
                "name": {
                    "enabled": true,
                    "type": "text",
                    "value": "firmwareSetting",
                    "visible": true
                },
                "path": {
                    "enabled": true,
                    "type": "text",
                    "value": "/",
                    "visible": true
                }
            },
            "values": [
                {
                    "language": "{d6c0d827-2563-446b-8aeb-b026ced5cfe9}",
                    "value": "Check for\\nFirmware Update"
                }
            ]
        },
        {
            "properties": {
                "__categories": [
                ],
                "__groups": [
                ],
                "description": {
                    "enabled": true,
                    "type": "text",
                    "value": "",
                    "visible": true
                },
                "id": {
                    "enabled": true,
                    "type": "uuid",
                    "value": "{37aa5cfe-432a-4b76-b141-4f9a709fb9c3}",
                    "visible": true
                },
                "name": {
                    "enabled": true,
                    "type": "text",
                    "value": "AdminPwdNotice",
                    "visible": true
                },
                "path": {
                    "enabled": true,
                    "type": "text",
                    "value": "/",
                    "visible": true
                }
            },
            "values": [
                {
                    "language": "{d6c0d827-2563-446b-8aeb-b026ced5cfe9}",
                    "value": "Enter Admin Password To\\nChange Settings:"
                }
            ]
        },
        {
            "properties": {
                "__categories": [
                ],
                "__groups": [
                ],
                "description": {
                    "enabled": true,
                    "type": "text",
                    "value": "",
                    "visible": true
                },
                "id": {
                    "enabled": true,
                    "type": "uuid",
                    "value": "{38e3468c-a12a-42c7-86e8-71419b5755c9}",
                    "visible": true
                },
                "name": {
                    "enabled": true,
                    "type": "text",
                    "value": "billLiwifi",
                    "visible": true
                },
                "path": {
                    "enabled": true,
                    "type": "text",
                    "value": "/",
                    "visible": true
                }
            },
            "values": [
                {
                    "language": "{d6c0d827-2563-446b-8aeb-b026ced5cfe9}",
                    "value": "        Bill Li graphics guy"
                }
            ]
        },
        {
            "properties": {
                "__categories": [
                ],
                "__groups": [
                ],
                "description": {
                    "enabled": true,
                    "type": "text",
                    "value": "",
                    "visible": true
                },
                "id": {
                    "enabled": true,
                    "type": "uuid",
                    "value": "{39c67b57-80ed-41ae-97ef-b6b8469efe43}",
                    "visible": true
                },
                "name": {
                    "enabled": true,
                    "type": "text",
                    "value": "update",
                    "visible": true
                },
                "path": {
                    "enabled": true,
                    "type": "text",
                    "value": "/",
                    "visible": true
                }
            },
            "values": [
                {
                    "language": "{d6c0d827-2563-446b-8aeb-b026ced5cfe9}",
                    "value": "Update"
                }
            ]
        },
        {
            "properties": {
                "__categories": [
                ],
                "__groups": [
                ],
                "description": {
                    "enabled": true,
                    "type": "text",
                    "value": "",
                    "visible": true
                },
                "id": {
                    "enabled": true,
                    "type": "uuid",
                    "value": "{3b83d15e-69b7-4131-9d05-3a6cb9ba493f}",
                    "visible": true
                },
                "name": {
                    "enabled": true,
                    "type": "text",
                    "value": "temperature",
                    "visible": true
                },
                "path": {
                    "enabled": true,
                    "type": "text",
                    "value": "/",
                    "visible": true
                }
            },
            "values": [
                {
                    "language": "{d6c0d827-2563-446b-8aeb-b026ced5cfe9}",
                    "value": "100°F"
                }
            ]
        },
        {
            "properties": {
                "__categories": [
                ],
                "__groups": [
                ],
                "description": {
                    "enabled": true,
                    "type": "text",
                    "value": "",
                    "visible": true
                },
                "id": {
                    "enabled": true,
                    "type": "uuid",
                    "value": "{4457342a-f58e-4d77-be4f-824c92b2f44b}",
                    "visible": true
                },
                "name": {
                    "enabled": true,
                    "type": "text",
                    "value": "Start",
                    "visible": true
                },
                "path": {
                    "enabled": true,
                    "type": "text",
                    "value": "/",
                    "visible": true
                }
            },
            "values": [
                {
                    "language": "{d6c0d827-2563-446b-8aeb-b026ced5cfe9}",
                    "value": "Start"
                }
            ]
        },
        {
            "properties": {
                "__categories": [
                ],
                "__groups": [
                ],
                "description": {
                    "enabled": true,
                    "type": "text",
                    "value": "",
                    "visible": true
                },
                "id": {
                    "enabled": true,
                    "type": "uuid",
                    "value": "{446608d8-8c51-4437-9f12-85b84b5dc695}",
                    "visible": true
                },
                "name": {
                    "enabled": true,
                    "type": "text",
                    "value": "fToast",
                    "visible": true
                },
                "path": {
                    "enabled": true,
                    "type": "text",
                    "value": "/",
                    "visible": true
                }
            },
            "values": [
                {
                    "language": "{d6c0d827-2563-446b-8aeb-b026ced5cfe9}",
                    "value": "French Toast"
                }
            ]
        },
        {
            "properties": {
                "__categories": [
                ],
                "__groups": [
                ],
                "description": {
                    "enabled": true,
                    "type": "text",
                    "value": "",
                    "visible": true
                },
                "id": {
                    "enabled": true,
                    "type": "uuid",
                    "value": "{457cfa63-a560-4c34-911f-bdcf2dcf6e73}",
                    "visible": true
                },
                "name": {
                    "enabled": true,
                    "type": "text",
                    "value": "Burger",
                    "visible": true
                },
                "path": {
                    "enabled": true,
                    "type": "text",
                    "value": "/",
                    "visible": true
                }
            },
            "values": [
                {
                    "language": "{d6c0d827-2563-446b-8aeb-b026ced5cfe9}",
                    "value": "Burger"
                }
            ]
        },
        {
            "properties": {
                "__categories": [
                ],
                "__groups": [
                ],
                "description": {
                    "enabled": true,
                    "type": "text",
                    "value": "",
                    "visible": true
                },
                "id": {
                    "enabled": true,
                    "type": "uuid",
                    "value": "{491ff448-a7b1-41e6-ae1d-705dec0f2fb3}",
                    "visible": true
                },
                "name": {
                    "enabled": true,
                    "type": "text",
                    "value": "AddRecipes",
                    "visible": true
                },
                "path": {
                    "enabled": true,
                    "type": "text",
                    "value": "/",
                    "visible": true
                }
            },
            "values": [
                {
                    "language": "{d6c0d827-2563-446b-8aeb-b026ced5cfe9}",
                    "value": "Add Recipes"
                }
            ]
        },
        {
            "properties": {
                "__categories": [
                ],
                "__groups": [
                ],
                "description": {
                    "enabled": true,
                    "type": "text",
                    "value": "",
                    "visible": true
                },
                "id": {
                    "enabled": true,
                    "type": "uuid",
                    "value": "{4b370e64-51e0-4128-bec0-22debb90e590}",
                    "visible": true
                },
                "name": {
                    "enabled": true,
                    "type": "text",
                    "value": "fToastL",
                    "visible": true
                },
                "path": {
                    "enabled": true,
                    "type": "text",
                    "value": "/",
                    "visible": true
                }
            },
            "values": [
                {
                    "language": "{d6c0d827-2563-446b-8aeb-b026ced5cfe9}",
                    "value": "French Toast"
                }
            ]
        },
        {
            "properties": {
                "__categories": [
                ],
                "__groups": [
                ],
                "description": {
                    "enabled": true,
                    "type": "text",
                    "value": "",
                    "visible": true
                },
                "id": {
                    "enabled": true,
                    "type": "uuid",
                    "value": "{4c2a239a-c045-48a6-a84d-86158fb16ae3}",
                    "visible": true
                },
                "name": {
                    "enabled": true,
                    "type": "text",
                    "value": "QuesadillaL",
                    "visible": true
                },
                "path": {
                    "enabled": true,
                    "type": "text",
                    "value": "/",
                    "visible": true
                }
            },
            "values": [
                {
                    "language": "{d6c0d827-2563-446b-8aeb-b026ced5cfe9}",
                    "value": "Quesadilla"
                }
            ]
        },
        {
            "properties": {
                "__categories": [
                ],
                "__groups": [
                ],
                "description": {
                    "enabled": true,
                    "type": "text",
                    "value": "",
                    "visible": true
                },
                "id": {
                    "enabled": true,
                    "type": "uuid",
                    "value": "{5696112a-085f-4598-bbc0-bb2665c29663}",
                    "visible": true
                },
                "name": {
                    "enabled": true,
                    "type": "text",
                    "value": "updateAvailableNotice",
                    "visible": true
                },
                "path": {
                    "enabled": true,
                    "type": "text",
                    "value": "/",
                    "visible": true
                }
            },
            "values": [
                {
                    "language": "{d6c0d827-2563-446b-8aeb-b026ced5cfe9}",
                    "value": "Update available!"
                }
            ]
        },
        {
            "properties": {
                "__categories": [
                ],
                "__groups": [
                ],
                "description": {
                    "enabled": true,
                    "type": "text",
                    "value": "",
                    "visible": true
                },
                "id": {
                    "enabled": true,
                    "type": "uuid",
                    "value": "{56b5af56-3acd-4756-969b-f471de2f701f}",
                    "visible": true
                },
                "name": {
                    "enabled": true,
                    "type": "text",
                    "value": "Bacon",
                    "visible": true
                },
                "path": {
                    "enabled": true,
                    "type": "text",
                    "value": "/",
                    "visible": true
                }
            },
            "values": [
                {
                    "language": "{d6c0d827-2563-446b-8aeb-b026ced5cfe9}",
                    "value": "Bacon"
                }
            ]
        },
        {
            "properties": {
                "__categories": [
                ],
                "__groups": [
                ],
                "description": {
                    "enabled": true,
                    "type": "text",
                    "value": "",
                    "visible": true
                },
                "id": {
                    "enabled": true,
                    "type": "uuid",
                    "value": "{583457c7-2beb-4c28-abdc-927b2ad5b172}",
                    "visible": true
                },
                "name": {
                    "enabled": true,
                    "type": "text",
                    "value": "grilledSalmon",
                    "visible": true
                },
                "path": {
                    "enabled": true,
                    "type": "text",
                    "value": "/",
                    "visible": true
                }
            },
            "values": [
                {
                    "language": "{d6c0d827-2563-446b-8aeb-b026ced5cfe9}",
                    "value": "Grilled Salmon"
                }
            ]
        },
        {
            "properties": {
                "__categories": [
                ],
                "__groups": [
                ],
                "description": {
                    "enabled": true,
                    "type": "text",
                    "value": "",
                    "visible": true
                },
                "id": {
                    "enabled": true,
                    "type": "uuid",
                    "value": "{58a1942e-749d-4cf3-9930-d16bf6cdc8a1}",
                    "visible": true
                },
                "name": {
                    "enabled": true,
                    "type": "text",
                    "value": "confirmationNotice",
                    "visible": true
                },
                "path": {
                    "enabled": true,
                    "type": "text",
                    "value": "/",
                    "visible": true
                }
            },
            "values": [
                {
                    "language": "{d6c0d827-2563-446b-8aeb-b026ced5cfe9}",
                    "value": "Are you sure you want to cancel?"
                }
            ]
        },
        {
            "properties": {
                "__categories": [
                ],
                "__groups": [
                ],
                "description": {
                    "enabled": true,
                    "type": "text",
                    "value": "",
                    "visible": true
                },
                "id": {
                    "enabled": true,
                    "type": "uuid",
                    "value": "{6543b8f4-b830-4340-aed9-cfbc583a5092}",
                    "visible": true
                },
                "name": {
                    "enabled": true,
                    "type": "text",
                    "value": "Quesadilla",
                    "visible": true
                },
                "path": {
                    "enabled": true,
                    "type": "text",
                    "value": "/",
                    "visible": true
                }
            },
            "values": [
                {
                    "language": "{d6c0d827-2563-446b-8aeb-b026ced5cfe9}",
                    "value": "Quesadilla"
                }
            ]
        },
        {
            "properties": {
                "__categories": [
                ],
                "__groups": [
                ],
                "description": {
                    "enabled": true,
                    "type": "text",
                    "value": "",
                    "visible": true
                },
                "id": {
                    "enabled": true,
                    "type": "uuid",
                    "value": "{66571afb-4eaf-43ae-b9ef-95b43c0c2aa6}",
                    "visible": true
                },
                "name": {
                    "enabled": true,
                    "type": "text",
                    "value": "burritoL",
                    "visible": true
                },
                "path": {
                    "enabled": true,
                    "type": "text",
                    "value": "/",
                    "visible": true
                }
            },
            "values": [
                {
                    "language": "{d6c0d827-2563-446b-8aeb-b026ced5cfe9}",
                    "value": "Breakfast Burrito"
                }
            ]
        },
        {
            "properties": {
                "__categories": [
                ],
                "__groups": [
                ],
                "description": {
                    "enabled": true,
                    "type": "text",
                    "value": "",
                    "visible": true
                },
                "id": {
                    "enabled": true,
                    "type": "uuid",
                    "value": "{66fe5eed-0a08-44e3-bda2-c049635a3dc4}",
                    "visible": true
                },
                "name": {
                    "enabled": true,
                    "type": "text",
                    "value": "favorite",
                    "visible": true
                },
                "path": {
                    "enabled": true,
                    "type": "text",
                    "value": "/",
                    "visible": true
                }
            },
            "values": [
                {
                    "language": "{d6c0d827-2563-446b-8aeb-b026ced5cfe9}",
                    "value": "Favorites"
                }
            ]
        },
        {
            "properties": {
                "__categories": [
                ],
                "__groups": [
                ],
                "description": {
                    "enabled": true,
                    "type": "text",
                    "value": "",
                    "visible": true
                },
                "id": {
                    "enabled": true,
                    "type": "uuid",
                    "value": "{6f3f4cd5-1464-460a-a275-8a3499d18b00}",
                    "visible": true
                },
                "name": {
                    "enabled": true,
                    "type": "text",
                    "value": "otherNW",
                    "visible": true
                },
                "path": {
                    "enabled": true,
                    "type": "text",
                    "value": "/",
                    "visible": true
                }
            },
            "values": [
                {
                    "language": "{d6c0d827-2563-446b-8aeb-b026ced5cfe9}",
                    "value": "Other Available Networks"
                }
            ]
        },
        {
            "properties": {
                "__categories": [
                ],
                "__groups": [
                ],
                "description": {
                    "enabled": true,
                    "type": "text",
                    "value": "",
                    "visible": true
                },
                "id": {
                    "enabled": true,
                    "type": "uuid",
                    "value": "{711e6c63-8213-4f9c-8b2c-2d6b51cee6ff}",
                    "visible": true
                },
                "name": {
                    "enabled": true,
                    "type": "text",
                    "value": "cancel",
                    "visible": true
                },
                "path": {
                    "enabled": true,
                    "type": "text",
                    "value": "/",
                    "visible": true
                }
            },
            "values": [
                {
                    "language": "{d6c0d827-2563-446b-8aeb-b026ced5cfe9}",
                    "value": "Cancel"
                }
            ]
        },
        {
            "properties": {
                "__categories": [
                ],
                "__groups": [
                ],
                "description": {
                    "enabled": true,
                    "type": "text",
                    "value": "",
                    "visible": true
                },
                "id": {
                    "enabled": true,
                    "type": "uuid",
                    "value": "{71c4649b-6e80-42a5-8a64-2a49419c446e}",
                    "visible": true
                },
                "name": {
                    "enabled": true,
                    "type": "text",
                    "value": "Croissants",
                    "visible": true
                },
                "path": {
                    "enabled": true,
                    "type": "text",
                    "value": "/",
                    "visible": true
                }
            },
            "values": [
                {
                    "language": "{d6c0d827-2563-446b-8aeb-b026ced5cfe9}",
                    "value": "Croissants"
                }
            ]
        },
        {
            "properties": {
                "__categories": [
                ],
                "__groups": [
                ],
                "description": {
                    "enabled": true,
                    "type": "text",
                    "value": "",
                    "visible": true
                },
                "id": {
                    "enabled": true,
                    "type": "uuid",
                    "value": "{7211cbcb-4a66-4535-b1e5-892533c28719}",
                    "visible": true
                },
                "name": {
                    "enabled": true,
                    "type": "text",
                    "value": "OmletteL",
                    "visible": true
                },
                "path": {
                    "enabled": true,
                    "type": "text",
                    "value": "/",
                    "visible": true
                }
            },
            "values": [
                {
                    "language": "{d6c0d827-2563-446b-8aeb-b026ced5cfe9}",
                    "value": "Omlette"
                }
            ]
        },
        {
            "properties": {
                "__categories": [
                ],
                "__groups": [
                ],
                "description": {
                    "enabled": true,
                    "type": "text",
                    "value": "",
                    "visible": true
                },
                "id": {
                    "enabled": true,
                    "type": "uuid",
                    "value": "{72ea6d39-7479-4355-b6ab-613733c231de}",
                    "visible": true
                },
                "name": {
                    "enabled": true,
                    "type": "text",
                    "value": "doneSetting",
                    "visible": true
                },
                "path": {
                    "enabled": true,
                    "type": "text",
                    "value": "/",
                    "visible": true
                }
            },
            "values": [
                {
                    "language": "{d6c0d827-2563-446b-8aeb-b026ced5cfe9}",
                    "value": "Done"
                }
            ]
        },
        {
            "properties": {
                "__categories": [
                ],
                "__groups": [
                ],
                "description": {
                    "enabled": true,
                    "type": "text",
                    "value": "",
                    "visible": true
                },
                "id": {
                    "enabled": true,
                    "type": "uuid",
                    "value": "{788f30be-cc4d-4b0c-97f2-f2d8113ae253}",
                    "visible": true
                },
                "name": {
                    "enabled": true,
                    "type": "text",
                    "value": "SmokedSalmonL",
                    "visible": true
                },
                "path": {
                    "enabled": true,
                    "type": "text",
                    "value": "/",
                    "visible": true
                }
            },
            "values": [
                {
                    "language": "{d6c0d827-2563-446b-8aeb-b026ced5cfe9}",
                    "value": "Smoked Salmon"
                }
            ]
        },
        {
            "properties": {
                "__categories": [
                ],
                "__groups": [
                ],
                "description": {
                    "enabled": true,
                    "type": "text",
                    "value": "",
                    "visible": true
                },
                "id": {
                    "enabled": true,
                    "type": "uuid",
                    "value": "{79916b4d-eb7a-4831-b8bf-2204f80311b7}",
                    "visible": true
                },
                "name": {
                    "enabled": true,
                    "type": "text",
                    "value": "time",
                    "visible": true
                },
                "path": {
                    "enabled": true,
                    "type": "text",
                    "value": "/",
                    "visible": true
                }
            },
            "values": [
                {
                    "language": "{d6c0d827-2563-446b-8aeb-b026ced5cfe9}",
                    "value": "1:51 PM"
                }
            ]
        },
        {
            "properties": {
                "__categories": [
                ],
                "__groups": [
                ],
                "description": {
                    "enabled": true,
                    "type": "text",
                    "value": "",
                    "visible": true
                },
                "id": {
                    "enabled": true,
                    "type": "uuid",
                    "value": "{7c027178-a425-433a-83c2-5f503a5e7b82}",
                    "visible": true
                },
                "name": {
                    "enabled": true,
                    "type": "text",
                    "value": "Back",
                    "visible": true
                },
                "path": {
                    "enabled": true,
                    "type": "text",
                    "value": "/",
                    "visible": true
                }
            },
            "values": [
                {
                    "language": "{d6c0d827-2563-446b-8aeb-b026ced5cfe9}",
                    "value": "Back"
                }
            ]
        },
        {
            "properties": {
                "__categories": [
                ],
                "__groups": [
                ],
                "description": {
                    "enabled": true,
                    "type": "text",
                    "value": "",
                    "visible": true
                },
                "id": {
                    "enabled": true,
                    "type": "uuid",
                    "value": "{7c0dd247-a71f-49e6-8104-f5dd8dba733c}",
                    "visible": true
                },
                "name": {
                    "enabled": true,
                    "type": "text",
                    "value": "CroissantsL",
                    "visible": true
                },
                "path": {
                    "enabled": true,
                    "type": "text",
                    "value": "/",
                    "visible": true
                }
            },
            "values": [
                {
                    "language": "{d6c0d827-2563-446b-8aeb-b026ced5cfe9}",
                    "value": "Croissants"
                }
            ]
        },
        {
            "properties": {
                "__categories": [
                ],
                "__groups": [
                ],
                "description": {
                    "enabled": true,
                    "type": "text",
                    "value": "",
                    "visible": true
                },
                "id": {
                    "enabled": true,
                    "type": "uuid",
                    "value": "{7ca84fd3-5366-405d-8067-72e5837ed123}",
                    "visible": true
                },
                "name": {
                    "enabled": true,
                    "type": "text",
                    "value": "Home",
                    "visible": true
                },
                "path": {
                    "enabled": true,
                    "type": "text",
                    "value": "/",
                    "visible": true
                }
            },
            "values": [
                {
                    "language": "{d6c0d827-2563-446b-8aeb-b026ced5cfe9}",
                    "value": "Home"
                }
            ]
        },
        {
            "properties": {
                "__categories": [
                ],
                "__groups": [
                ],
                "description": {
                    "enabled": true,
                    "type": "text",
                    "value": "",
                    "visible": true
                },
                "id": {
                    "enabled": true,
                    "type": "uuid",
                    "value": "{92dc8d6a-0cb3-489b-81e7-0418f6e78d10}",
                    "visible": true
                },
                "name": {
                    "enabled": true,
                    "type": "text",
                    "value": "notice1",
                    "visible": true
                },
                "path": {
                    "enabled": true,
                    "type": "text",
                    "value": "/",
                    "visible": true
                }
            },
            "values": [
                {
                    "language": "{d6c0d827-2563-446b-8aeb-b026ced5cfe9}",
                    "value": "Please remove\\n food from tray."
                }
            ]
        },
        {
            "properties": {
                "__categories": [
                ],
                "__groups": [
                ],
                "description": {
                    "enabled": true,
                    "type": "text",
                    "value": "",
                    "visible": true
                },
                "id": {
                    "enabled": true,
                    "type": "uuid",
                    "value": "{949fe09f-0fab-4fe0-98d2-fb72de1fea7c}",
                    "visible": true
                },
                "name": {
                    "enabled": true,
                    "type": "text",
                    "value": "PancakesL",
                    "visible": true
                },
                "path": {
                    "enabled": true,
                    "type": "text",
                    "value": "/",
                    "visible": true
                }
            },
            "values": [
                {
                    "language": "{d6c0d827-2563-446b-8aeb-b026ced5cfe9}",
                    "value": "Pancakes"
                }
            ]
        },
        {
            "properties": {
                "__categories": [
                ],
                "__groups": [
                ],
                "description": {
                    "enabled": true,
                    "type": "text",
                    "value": "",
                    "visible": true
                },
                "id": {
                    "enabled": true,
                    "type": "uuid",
                    "value": "{b27f6669-7be6-44d0-89a9-e792eaad1369}",
                    "visible": true
                },
                "name": {
                    "enabled": true,
                    "type": "text",
                    "value": "Recipes",
                    "visible": true
                },
                "path": {
                    "enabled": true,
                    "type": "text",
                    "value": "/",
                    "visible": true
                }
            },
            "values": [
                {
                    "language": "{d6c0d827-2563-446b-8aeb-b026ced5cfe9}",
                    "value": "Recipes"
                }
            ]
        },
        {
            "properties": {
                "__categories": [
                ],
                "__groups": [
                ],
                "description": {
                    "enabled": true,
                    "type": "text",
                    "value": "",
                    "visible": true
                },
                "id": {
                    "enabled": true,
                    "type": "uuid",
                    "value": "{b5e0ab9b-ea05-45c5-8002-1a77c6639a3b}",
                    "visible": true
                },
                "name": {
                    "enabled": true,
                    "type": "text",
                    "value": "cancelSetting",
                    "visible": true
                },
                "path": {
                    "enabled": true,
                    "type": "text",
                    "value": "/",
                    "visible": true
                }
            },
            "values": [
                {
                    "language": "{d6c0d827-2563-446b-8aeb-b026ced5cfe9}",
                    "value": "Cancel"
                }
            ]
        },
        {
            "properties": {
                "__categories": [
                ],
                "__groups": [
                ],
                "description": {
                    "enabled": true,
                    "type": "text",
                    "value": "",
                    "visible": true
                },
                "id": {
                    "enabled": true,
                    "type": "uuid",
                    "value": "{b7546a4c-4e0f-4243-9f70-a2d3f0e498f6}",
                    "visible": true
                },
                "name": {
                    "enabled": true,
                    "type": "text",
                    "value": "KabobL",
                    "visible": true
                },
                "path": {
                    "enabled": true,
                    "type": "text",
                    "value": "/",
                    "visible": true
                }
            },
            "values": [
                {
                    "language": "{d6c0d827-2563-446b-8aeb-b026ced5cfe9}",
                    "value": "Kabob"
                }
            ]
        },
        {
            "properties": {
                "__categories": [
                ],
                "__groups": [
                ],
                "description": {
                    "enabled": true,
                    "type": "text",
                    "value": "",
                    "visible": true
                },
                "id": {
                    "enabled": true,
                    "type": "uuid",
                    "value": "{b813af33-637a-497c-9466-3338dc9f4964}",
                    "visible": true
                },
                "name": {
                    "enabled": true,
                    "type": "text",
                    "value": "SmokedSalmon",
                    "visible": true
                },
                "path": {
                    "enabled": true,
                    "type": "text",
                    "value": "/",
                    "visible": true
                }
            },
            "values": [
                {
                    "language": "{d6c0d827-2563-446b-8aeb-b026ced5cfe9}",
                    "value": "Smoked Salmon"
                }
            ]
        },
        {
            "properties": {
                "__categories": [
                ],
                "__groups": [
                ],
                "description": {
                    "enabled": true,
                    "type": "text",
                    "value": "",
                    "visible": true
                },
                "id": {
                    "enabled": true,
                    "type": "uuid",
                    "value": "{bf3906d4-7bec-4ecc-9daa-0a4cb40901b9}",
                    "visible": true
                },
                "name": {
                    "enabled": true,
                    "type": "text",
                    "value": "Pancakes",
                    "visible": true
                },
                "path": {
                    "enabled": true,
                    "type": "text",
                    "value": "/",
                    "visible": true
                }
            },
            "values": [
                {
                    "language": "{d6c0d827-2563-446b-8aeb-b026ced5cfe9}",
                    "value": "Pancakes"
                }
            ]
        },
        {
            "properties": {
                "__categories": [
                ],
                "__groups": [
                ],
                "description": {
                    "enabled": true,
                    "type": "text",
                    "value": "",
                    "visible": true
                },
                "id": {
                    "enabled": true,
                    "type": "uuid",
                    "value": "{c267e02c-3509-4c06-b047-1ba6f1cc4e31}",
                    "visible": true
                },
                "name": {
                    "enabled": true,
                    "type": "text",
                    "value": "USBUpdateNotice",
                    "visible": true
                },
                "path": {
                    "enabled": true,
                    "type": "text",
                    "value": "/",
                    "visible": true
                }
            },
            "values": [
                {
                    "language": "{d6c0d827-2563-446b-8aeb-b026ced5cfe9}",
                    "value": "Scanning USB device\\nfor additional recipes"
                }
            ]
        },
        {
            "properties": {
                "__categories": [
                ],
                "__groups": [
                ],
                "description": {
                    "enabled": true,
                    "type": "text",
                    "value": "",
                    "visible": true
                },
                "id": {
                    "enabled": true,
                    "type": "uuid",
                    "value": "{c6c7a386-375a-4984-ba22-9f6782290fb2}",
                    "visible": true
                },
                "name": {
                    "enabled": true,
                    "type": "text",
                    "value": "egg",
                    "visible": true
                },
                "path": {
                    "enabled": true,
                    "type": "text",
                    "value": "/",
                    "visible": true
                }
            },
            "values": [
                {
                    "language": "{d6c0d827-2563-446b-8aeb-b026ced5cfe9}",
                    "value": "Egg and Toast"
                }
            ]
        },
        {
            "properties": {
                "__categories": [
                ],
                "__groups": [
                ],
                "description": {
                    "enabled": true,
                    "type": "text",
                    "value": "",
                    "visible": true
                },
                "id": {
                    "enabled": true,
                    "type": "uuid",
                    "value": "{c8e7fd83-846f-48b9-a719-4e6acc440ada}",
                    "visible": true
                },
                "name": {
                    "enabled": true,
                    "type": "text",
                    "value": "burrito",
                    "visible": true
                },
                "path": {
                    "enabled": true,
                    "type": "text",
                    "value": "/",
                    "visible": true
                }
            },
            "values": [
                {
                    "language": "{d6c0d827-2563-446b-8aeb-b026ced5cfe9}",
                    "value": "Breakfast Burrito"
                }
            ]
        },
        {
            "properties": {
                "__categories": [
                ],
                "__groups": [
                ],
                "description": {
                    "enabled": true,
                    "type": "text",
                    "value": "",
                    "visible": true
                },
                "id": {
                    "enabled": true,
                    "type": "uuid",
                    "value": "{caeb0f6c-9764-49ad-a54f-698833e6bf47}",
                    "visible": true
                },
                "name": {
                    "enabled": true,
                    "type": "text",
                    "value": "FirmwareStatic",
                    "visible": true
                },
                "path": {
                    "enabled": true,
                    "type": "text",
                    "value": "/",
                    "visible": true
                }
            },
            "values": [
                {
                    "language": "{d6c0d827-2563-446b-8aeb-b026ced5cfe9}",
                    "value": "Check for\\nFirmware Update"
                }
            ]
        },
        {
            "properties": {
                "__categories": [
                ],
                "__groups": [
                ],
                "description": {
                    "enabled": true,
                    "type": "text",
                    "value": "",
                    "visible": true
                },
                "id": {
                    "enabled": true,
                    "type": "uuid",
                    "value": "{d4cea8d3-4ab8-48e2-a6ec-c861ccd61985}",
                    "visible": true
                },
                "name": {
                    "enabled": true,
                    "type": "text",
                    "value": "Pizza",
                    "visible": true
                },
                "path": {
                    "enabled": true,
                    "type": "text",
                    "value": "/",
                    "visible": true
                }
            },
            "values": [
                {
                    "language": "{d6c0d827-2563-446b-8aeb-b026ced5cfe9}",
                    "value": "Supreme Pizza"
                }
            ]
        },
        {
            "properties": {
                "__categories": [
                ],
                "__groups": [
                ],
                "description": {
                    "enabled": true,
                    "type": "text",
                    "value": "",
                    "visible": true
                },
                "id": {
                    "enabled": true,
                    "type": "uuid",
                    "value": "{da9e66a5-ba0e-4920-8c02-83556cf33ef2}",
                    "visible": true
                },
                "name": {
                    "enabled": true,
                    "type": "text",
                    "value": "usbSetting",
                    "visible": true
                },
                "path": {
                    "enabled": true,
                    "type": "text",
                    "value": "/",
                    "visible": true
                }
            },
            "values": [
                {
                    "language": "{d6c0d827-2563-446b-8aeb-b026ced5cfe9}",
                    "value": "Scan USB for\\nRecipes"
                }
            ]
        },
        {
            "properties": {
                "__categories": [
                ],
                "__groups": [
                ],
                "description": {
                    "enabled": true,
                    "type": "text",
                    "value": "",
                    "visible": true
                },
                "id": {
                    "enabled": true,
                    "type": "uuid",
                    "value": "{dbfdb269-ddd9-4e6d-97d9-828b680a9a85}",
                    "visible": true
                },
                "name": {
                    "enabled": true,
                    "type": "text",
                    "value": "PizzaL",
                    "visible": true
                },
                "path": {
                    "enabled": true,
                    "type": "text",
                    "value": "/",
                    "visible": true
                }
            },
            "values": [
                {
                    "language": "{d6c0d827-2563-446b-8aeb-b026ced5cfe9}",
                    "value": "Supreme Pizza"
                }
            ]
        },
        {
            "properties": {
                "__categories": [
                ],
                "__groups": [
                ],
                "description": {
                    "enabled": true,
                    "type": "text",
                    "value": "",
                    "visible": true
                },
                "id": {
                    "enabled": true,
                    "type": "uuid",
                    "value": "{e0b5704f-a790-4857-88b4-8ab7f59a8c2d}",
                    "visible": true
                },
                "name": {
                    "enabled": true,
                    "type": "text",
                    "value": "wifiSetting",
                    "visible": true
                },
                "path": {
                    "enabled": true,
                    "type": "text",
                    "value": "/",
                    "visible": true
                }
            },
            "values": [
                {
                    "language": "{d6c0d827-2563-446b-8aeb-b026ced5cfe9}",
                    "value": "Wifi Setup"
                }
            ]
        },
        {
            "properties": {
                "__categories": [
                ],
                "__groups": [
                ],
                "description": {
                    "enabled": true,
                    "type": "text",
                    "value": "",
                    "visible": true
                },
                "id": {
                    "enabled": true,
                    "type": "uuid",
                    "value": "{e8152796-11f4-41cc-b2c4-eb257f31af00}",
                    "visible": true
                },
                "name": {
                    "enabled": true,
                    "type": "text",
                    "value": "muffin",
                    "visible": true
                },
                "path": {
                    "enabled": true,
                    "type": "text",
                    "value": "/",
                    "visible": true
                }
            },
            "values": [
                {
                    "language": "{d6c0d827-2563-446b-8aeb-b026ced5cfe9}",
                    "value": "Muffins"
                }
            ]
        },
        {
            "properties": {
                "__categories": [
                ],
                "__groups": [
                ],
                "description": {
                    "enabled": true,
                    "type": "text",
                    "value": "",
                    "visible": true
                },
                "id": {
                    "enabled": true,
                    "type": "uuid",
                    "value": "{e84ea79b-0142-4ba5-9787-3d2c5d794210}",
                    "visible": true
                },
                "name": {
                    "enabled": true,
                    "type": "text",
                    "value": "skyLinkConnct",
                    "visible": true
                },
                "path": {
                    "enabled": true,
                    "type": "text",
                    "value": "/",
                    "visible": true
                }
            },
            "values": [
                {
                    "language": "{d6c0d827-2563-446b-8aeb-b026ced5cfe9}",
                    "value": "        Skylink Connection"
                }
            ]
        },
        {
            "properties": {
                "__categories": [
                ],
                "__groups": [
                ],
                "description": {
                    "enabled": true,
                    "type": "text",
                    "value": "",
                    "visible": true
                },
                "id": {
                    "enabled": true,
                    "type": "uuid",
                    "value": "{e9a33fac-0448-4e07-8bd9-59d213cad082}",
                    "visible": true
                },
                "name": {
                    "enabled": true,
                    "type": "text",
                    "value": "foodComplete",
                    "visible": true
                },
                "path": {
                    "enabled": true,
                    "type": "text",
                    "value": "/",
                    "visible": true
                }
            },
            "values": [
                {
                    "language": "{d6c0d827-2563-446b-8aeb-b026ced5cfe9}",
                    "value": "Food \\n Complete!"
                }
            ]
        },
        {
            "properties": {
                "__categories": [
                ],
                "__groups": [
                ],
                "description": {
                    "enabled": true,
                    "type": "text",
                    "value": "",
                    "visible": true
                },
                "id": {
                    "enabled": true,
                    "type": "uuid",
                    "value": "{ec6a8192-d88a-4b37-89c2-2c883db010ee}",
                    "visible": true
                },
                "name": {
                    "enabled": true,
                    "type": "text",
                    "value": "dAddRecipe",
                    "visible": true
                },
                "path": {
                    "enabled": true,
                    "type": "text",
                    "value": "/",
                    "visible": true
                }
            },
            "values": [
                {
                    "language": "{d6c0d827-2563-446b-8aeb-b026ced5cfe9}",
                    "value": "Don't Add"
                }
            ]
        },
        {
            "properties": {
                "__categories": [
                ],
                "__groups": [
                ],
                "description": {
                    "enabled": true,
                    "type": "text",
                    "value": "",
                    "visible": true
                },
                "id": {
                    "enabled": true,
                    "type": "uuid",
                    "value": "{ef58ed6d-7f4e-4814-bfc4-2f5357b6450c}",
                    "visible": true
                },
                "name": {
                    "enabled": true,
                    "type": "text",
                    "value": "Kabob",
                    "visible": true
                },
                "path": {
                    "enabled": true,
                    "type": "text",
                    "value": "/",
                    "visible": true
                }
            },
            "values": [
                {
                    "language": "{d6c0d827-2563-446b-8aeb-b026ced5cfe9}",
                    "value": "Kabob"
                }
            ]
        },
        {
            "properties": {
                "__categories": [
                ],
                "__groups": [
                ],
                "description": {
                    "enabled": true,
                    "type": "text",
                    "value": "",
                    "visible": true
                },
                "id": {
                    "enabled": true,
                    "type": "uuid",
                    "value": "{f0ca39f7-7784-450b-aaa1-33a6ba7e1134}",
                    "visible": true
                },
                "name": {
                    "enabled": true,
                    "type": "text",
                    "value": "Omlette",
                    "visible": true
                },
                "path": {
                    "enabled": true,
                    "type": "text",
                    "value": "/",
                    "visible": true
                }
            },
            "values": [
                {
                    "language": "{d6c0d827-2563-446b-8aeb-b026ced5cfe9}",
                    "value": "Omlette"
                }
            ]
        },
        {
            "properties": {
                "__categories": [
                ],
                "__groups": [
                ],
                "description": {
                    "enabled": true,
                    "type": "text",
                    "value": "",
                    "visible": true
                },
                "id": {
                    "enabled": true,
                    "type": "uuid",
                    "value": "{f203141f-248a-4a71-bf50-80ae10653ac1}",
                    "visible": true
                },
                "name": {
                    "enabled": true,
                    "type": "text",
                    "value": "wifiSetup",
                    "visible": true
                },
                "path": {
                    "enabled": true,
                    "type": "text",
                    "value": "/",
                    "visible": true
                }
            },
            "values": [
                {
                    "language": "{d6c0d827-2563-446b-8aeb-b026ced5cfe9}",
                    "value": "Wifi Setup"
                }
            ]
        },
        {
            "properties": {
                "__categories": [
                ],
                "__groups": [
                ],
                "description": {
                    "enabled": true,
                    "type": "text",
                    "value": "",
                    "visible": true
                },
                "id": {
                    "enabled": true,
                    "type": "uuid",
                    "value": "{f22fd3da-908c-46bd-895a-743c67e19999}",
                    "visible": true
                },
                "name": {
                    "enabled": true,
                    "type": "text",
                    "value": "chicken",
                    "visible": true
                },
                "path": {
                    "enabled": true,
                    "type": "text",
                    "value": "/",
                    "visible": true
                }
            },
            "values": [
                {
                    "language": "{d6c0d827-2563-446b-8aeb-b026ced5cfe9}",
                    "value": "Whole Chicken"
                }
            ]
        },
        {
            "properties": {
                "__categories": [
                ],
                "__groups": [
                ],
                "description": {
                    "enabled": true,
                    "type": "text",
                    "value": "",
                    "visible": true
                },
                "id": {
                    "enabled": true,
                    "type": "uuid",
                    "value": "{fa8e3394-084c-44bb-9665-acfaf60ce451}",
                    "visible": true
                },
                "name": {
                    "enabled": true,
                    "type": "text",
                    "value": "yes",
                    "visible": true
                },
                "path": {
                    "enabled": true,
                    "type": "text",
                    "value": "/",
                    "visible": true
                }
            },
            "values": [
                {
                    "language": "{d6c0d827-2563-446b-8aeb-b026ced5cfe9}",
                    "value": "Yes"
                }
            ]
        },
        {
            "properties": {
                "__categories": [
                ],
                "__groups": [
                ],
                "description": {
                    "enabled": true,
                    "type": "text",
                    "value": "",
                    "visible": true
                },
                "id": {
                    "enabled": true,
                    "type": "uuid",
                    "value": "{ff3952d5-615c-4621-af8e-961b38882d8c}",
                    "visible": true
                },
                "name": {
                    "enabled": true,
                    "type": "text",
                    "value": "BurgerL",
                    "visible": true
                },
                "path": {
                    "enabled": true,
                    "type": "text",
                    "value": "/",
                    "visible": true
                }
            },
            "values": [
                {
                    "language": "{d6c0d827-2563-446b-8aeb-b026ced5cfe9}",
                    "value": "Burger"
                }
            ]
        }
    ]
}
