{
    "__categories": [
        {
            "expanded": true,
            "id": "raw",
            "visible": true
        }
    ],
    "__groups": [
    ],
    "bitsPerPixel": {
        "enabled": false,
        "type": "integer",
        "value": 32,
        "visible": true
    },
    "colorCount": {
        "enabled": false,
        "type": "integer",
        "value": 126,
        "visible": true
    },
    "colorMaskMode": {
        "enabled": true,
        "type": "combo",
        "value": 0,
        "visible": true
    },
    "colorMode": {
        "enabled": true,
        "type": "combo",
        "value": 6,
        "visible": true
    },
    "maskColor": {
        "enabled": true,
        "image": "{9ea53261-15e3-4c06-99e4-7c51fbeefab2}",
        "type": "imagecolor",
        "value": 0,
        "visible": false
    },
    "outputSize": {
        "enabled": false,
        "type": "integer",
        "value": 1562,
        "visible": true
    },
    "renderMode": {
        "enabled": true,
        "type": "combo",
        "value": 0,
        "visible": true
    },
    "useRLE": {
        "enabled": true,
        "type": "boolean",
        "value": true,
        "visible": true
    }
}
