{
    "images": [
        {
            "id": "{a7ded4d6-4803-4298-a80a-5d1edb9c3727}",
            "name": "heatBackground",
            "type": "RGB"
        },
        {
            "id": "{ae287faf-256e-4b62-b981-179910c04342}",
            "name": "humidity",
            "type": "RGB"
        },
        {
            "id": "{ccf3a6c4-7759-4a3f-a429-a4111387beac}",
            "name": "wifi",
            "type": "RGB"
        },
        {
            "id": "{85ec8349-5f92-4aff-8e5c-a54957aa1d92}",
            "name": "bt",
            "type": "RGB"
        },
        {
            "id": "{52dbe68d-ce7f-4bf9-bb5f-1f5dfa2f8db9}",
            "name": "houseIcon",
            "type": "RGB"
        },
        {
            "id": "{5d930b4f-1dcd-4345-98f3-029af0a2b4b4}",
            "name": "houseIcon2",
            "type": "RGB"
        },
        {
            "id": "{d4f4cf05-f3f3-4d9f-b7e6-128fed1cdcc2}",
            "name": "coolBackgroundborder",
            "type": "RGB"
        },
        {
            "id": "{6fa7cf08-cb3a-4cd2-9f0f-cfd8da11b7c0}",
            "name": "Flame",
            "type": "RGB"
        },
        {
            "id": "{abbf8d56-06f9-443d-96cb-39a4900d10e1}",
            "name": "coolMode",
            "type": "RGB"
        },
        {
            "id": "{88e53713-fd25-4ac2-b774-51882cac772e}",
            "name": "partlysunny",
            "type": "RGB"
        },
        {
            "id": "{df1e87f8-2340-41a2-b534-91a6e1e3fb7a}",
            "name": "humiditysmall",
            "type": "RGB"
        },
        {
            "id": "{00ed7238-abe3-4581-9396-cbf849419ff5}",
            "name": "Settings",
            "type": "RGB"
        },
        {
            "id": "{dd941593-05c0-4100-b75a-b83d5d833998}",
            "name": "fanSpeed",
            "type": "RGB"
        },
        {
            "id": "{5c1a150f-c6f6-415f-b1da-91c1dbf0d4e9}",
            "name": "coolModesmall",
            "type": "RGB"
        },
        {
            "id": "{d34cfc08-4203-4ffb-a293-34c0114ad1c4}",
            "name": "powerBut",
            "type": "RGB"
        },
        {
            "id": "{d5869b84-d147-4077-9445-a8c1cb534822}",
            "name": "backBut",
            "type": "RGB"
        },
        {
            "id": "{3e450b50-128d-4525-9b56-78a216d425cb}",
            "name": "schedule",
            "type": "RGB"
        },
        {
            "id": "{799ca76a-6857-46a4-b47a-e1a994f99ea7}",
            "name": "FlameL",
            "type": "RGB"
        },
        {
            "id": "{11d3d3a3-4f6a-490b-a7ba-8b80c35320bd}",
            "name": "coolModeL",
            "type": "RGB"
        },
        {
            "id": "{459a9bc0-04a3-4a74-91f3-bfb44c8b8004}",
            "name": "FlameSm",
            "type": "RGB"
        },
        {
            "id": "{9366c028-2d3c-474c-9c03-34f053fa30c8}",
            "name": "modeAutoSm",
            "type": "RGB"
        },
        {
            "id": "{2e758efd-e141-4dbd-880c-b2000e8595cd}",
            "name": "Circulate_icon",
            "type": "RGB"
        },
        {
            "id": "{e0aa8c78-85f9-44d4-85ab-aa52d962cb7f}",
            "name": "powerButtonL",
            "type": "RGB"
        },
        {
            "id": "{a0fe7aff-4907-4d45-b31d-b5cfb4e2f462}",
            "name": "offBackground",
            "type": "RGB"
        },
        {
            "id": "{c1c3e88d-00d9-4dc1-adeb-0f4bebe8038f}",
            "name": "offIcon",
            "type": "RGB"
        },
        {
            "id": "{eeb748d7-57ee-4b85-87aa-dc703abdb9cc}",
            "name": "FanOn",
            "type": "RGB"
        },
        {
            "id": "{fcc1301f-58fd-4c83-a7f6-d7c854a93f9f}",
            "name": "blueBubble",
            "type": "RGB"
        },
        {
            "id": "{70c5704e-6d61-4bcf-a316-dbaba0d4166e}",
            "name": "greRing",
            "type": "RGB"
        },
        {
            "id": "{e2044461-1d8b-45ae-81ae-2267a591494d}",
            "name": "brwnBubble",
            "type": "RGB"
        }
    ],
    "paths": [
    ]
}
