{
    "bindings": [
        {
            "font": "{72cc5f3a-c8c6-4482-a702-76a6786bcb27}",
            "language": "{36f17ac3-443f-4c73-8712-910ddc167902}",
            "string": "{61622096-a29c-443d-b109-a7182a0b4d4b}"
        },
        {
            "font": "{001434d7-c537-4454-b2de-05bee60f6830}",
            "language": "{36f17ac3-443f-4c73-8712-910ddc167902}",
            "string": "{8d2d93f9-8c5c-47bd-997e-70adf4d8a60f}"
        },
        {
            "font": "{001434d7-c537-4454-b2de-05bee60f6830}",
            "language": "{36f17ac3-443f-4c73-8712-910ddc167902}",
            "string": "{9beb5a9c-7927-4881-92f5-643e100d2f69}"
        },
        {
            "font": "{116253ac-b8cb-4988-928f-42e81d2b4943}",
            "language": "{36f17ac3-443f-4c73-8712-910ddc167902}",
            "string": "{0b06dbdc-d129-4b98-9389-71e4c9683d2b}"
        },
        {
            "font": "{7ab52cea-c3e8-4193-9061-883c63407722}",
            "language": "{36f17ac3-443f-4c73-8712-910ddc167902}",
            "string": "{218c2984-57e8-44d1-afaf-d667c07788ad}"
        },
        {
            "font": "{7ab52cea-c3e8-4193-9061-883c63407722}",
            "language": "{36f17ac3-443f-4c73-8712-910ddc167902}",
            "string": "{5716eb53-6e0a-424c-b59c-f044caeacd55}"
        },
        {
            "font": "{7ab52cea-c3e8-4193-9061-883c63407722}",
            "language": "{36f17ac3-443f-4c73-8712-910ddc167902}",
            "string": "{57580e0e-a644-444d-b763-09c446031246}"
        },
        {
            "font": "{72cc5f3a-c8c6-4482-a702-76a6786bcb27}",
            "language": "{36f17ac3-443f-4c73-8712-910ddc167902}",
            "string": "{63bac795-aa97-4f71-b99c-59fbc442df99}"
        },
        {
            "font": "{72cc5f3a-c8c6-4482-a702-76a6786bcb27}",
            "language": "{36f17ac3-443f-4c73-8712-910ddc167902}",
            "string": "{64983db1-c29c-4277-978f-29882936f066}"
        },
        {
            "font": "{72cc5f3a-c8c6-4482-a702-76a6786bcb27}",
            "language": "{36f17ac3-443f-4c73-8712-910ddc167902}",
            "string": "{81ddef3b-99ad-4416-85c3-4f63a8aa7acd}"
        },
        {
            "font": "{116253ac-b8cb-4988-928f-42e81d2b4943}",
            "language": "{36f17ac3-443f-4c73-8712-910ddc167902}",
            "string": "{83606ee0-2a67-46c7-b4c7-50f4f950a1ac}"
        },
        {
            "font": "{72cc5f3a-c8c6-4482-a702-76a6786bcb27}",
            "language": "{36f17ac3-443f-4c73-8712-910ddc167902}",
            "string": "{8f3f499c-74b8-471a-b0c2-59c975cab8a9}"
        },
        {
            "font": "{72cc5f3a-c8c6-4482-a702-76a6786bcb27}",
            "language": "{36f17ac3-443f-4c73-8712-910ddc167902}",
            "string": "{cdb1786b-d7fe-48cc-9220-43721e6d7cb6}"
        },
        {
            "font": "{7ab52cea-c3e8-4193-9061-883c63407722}",
            "language": "{36f17ac3-443f-4c73-8712-910ddc167902}",
            "string": "{f5d5c480-dfeb-47d8-91f0-a8c5051c050d}"
        }
    ],
    "defaultLanguage": "{36f17ac3-443f-4c73-8712-910ddc167902}",
    "encoding": "ASCII",
    "languages": [
        {
            "properties": {
                "__categories": [
                ],
                "__groups": [
                ],
                "enabled": {
                    "enabled": true,
                    "type": "boolean",
                    "value": true,
                    "visible": true
                },
                "id": {
                    "enabled": true,
                    "type": "uuid",
                    "value": "{36f17ac3-443f-4c73-8712-910ddc167902}",
                    "visible": true
                },
                "name": {
                    "enabled": true,
                    "type": "text",
                    "value": "Default",
                    "visible": true
                }
            }
        }
    ],
    "paths": [
    ],
    "strings": [
        {
            "properties": {
                "__categories": [
                ],
                "__groups": [
                ],
                "description": {
                    "enabled": true,
                    "type": "text",
                    "value": "",
                    "visible": true
                },
                "id": {
                    "enabled": true,
                    "type": "uuid",
                    "value": "{0b06dbdc-d129-4b98-9389-71e4c9683d2b}",
                    "visible": true
                },
                "name": {
                    "enabled": true,
                    "type": "text",
                    "value": "ACOff",
                    "visible": true
                },
                "path": {
                    "enabled": true,
                    "type": "text",
                    "value": "/",
                    "visible": true
                }
            },
            "values": [
                {
                    "language": "{36f17ac3-443f-4c73-8712-910ddc167902}",
                    "value": "OFF"
                }
            ]
        },
        {
            "properties": {
                "__categories": [
                ],
                "__groups": [
                ],
                "description": {
                    "enabled": true,
                    "type": "text",
                    "value": "",
                    "visible": true
                },
                "id": {
                    "enabled": true,
                    "type": "uuid",
                    "value": "{218c2984-57e8-44d1-afaf-d667c07788ad}",
                    "visible": true
                },
                "name": {
                    "enabled": true,
                    "type": "text",
                    "value": "indoorStr",
                    "visible": true
                },
                "path": {
                    "enabled": true,
                    "type": "text",
                    "value": "/",
                    "visible": true
                }
            },
            "values": [
                {
                    "language": "{36f17ac3-443f-4c73-8712-910ddc167902}",
                    "value": "Indoor"
                }
            ]
        },
        {
            "properties": {
                "__categories": [
                ],
                "__groups": [
                ],
                "description": {
                    "enabled": true,
                    "type": "text",
                    "value": "",
                    "visible": true
                },
                "id": {
                    "enabled": true,
                    "type": "uuid",
                    "value": "{5716eb53-6e0a-424c-b59c-f044caeacd55}",
                    "visible": true
                },
                "name": {
                    "enabled": true,
                    "type": "text",
                    "value": "CurModeStaticSt",
                    "visible": true
                },
                "path": {
                    "enabled": true,
                    "type": "text",
                    "value": "/",
                    "visible": true
                }
            },
            "values": [
                {
                    "language": "{36f17ac3-443f-4c73-8712-910ddc167902}",
                    "value": "Current Mode"
                }
            ]
        },
        {
            "properties": {
                "__categories": [
                ],
                "__groups": [
                ],
                "description": {
                    "enabled": true,
                    "type": "text",
                    "value": "",
                    "visible": true
                },
                "id": {
                    "enabled": true,
                    "type": "uuid",
                    "value": "{57580e0e-a644-444d-b763-09c446031246}",
                    "visible": true
                },
                "name": {
                    "enabled": true,
                    "type": "text",
                    "value": "tempChngStrHeat",
                    "visible": true
                },
                "path": {
                    "enabled": true,
                    "type": "text",
                    "value": "/",
                    "visible": true
                }
            },
            "values": [
                {
                    "language": "{36f17ac3-443f-4c73-8712-910ddc167902}",
                    "value": "Heat Set to"
                }
            ]
        },
        {
            "properties": {
                "__categories": [
                ],
                "__groups": [
                ],
                "description": {
                    "enabled": true,
                    "type": "text",
                    "value": "",
                    "visible": true
                },
                "id": {
                    "enabled": true,
                    "type": "uuid",
                    "value": "{61622096-a29c-443d-b109-a7182a0b4d4b}",
                    "visible": true
                },
                "name": {
                    "enabled": true,
                    "type": "text",
                    "value": "ScreenBrightnessStaticStr",
                    "visible": true
                },
                "path": {
                    "enabled": true,
                    "type": "text",
                    "value": "/",
                    "visible": true
                }
            },
            "values": [
                {
                    "language": "{36f17ac3-443f-4c73-8712-910ddc167902}",
                    "value": "Screen Brightness"
                }
            ]
        },
        {
            "properties": {
                "__categories": [
                ],
                "__groups": [
                ],
                "description": {
                    "enabled": true,
                    "type": "text",
                    "value": "",
                    "visible": true
                },
                "id": {
                    "enabled": true,
                    "type": "uuid",
                    "value": "{63bac795-aa97-4f71-b99c-59fbc442df99}",
                    "visible": true
                },
                "name": {
                    "enabled": true,
                    "type": "text",
                    "value": "DateStr",
                    "visible": true
                },
                "path": {
                    "enabled": true,
                    "type": "text",
                    "value": "/",
                    "visible": true
                }
            },
            "values": [
                {
                    "language": "{36f17ac3-443f-4c73-8712-910ddc167902}",
                    "value": "22 JAN 04"
                }
            ]
        },
        {
            "properties": {
                "__categories": [
                ],
                "__groups": [
                ],
                "description": {
                    "enabled": true,
                    "type": "text",
                    "value": "",
                    "visible": true
                },
                "id": {
                    "enabled": true,
                    "type": "uuid",
                    "value": "{64983db1-c29c-4277-978f-29882936f066}",
                    "visible": true
                },
                "name": {
                    "enabled": true,
                    "type": "text",
                    "value": "Time",
                    "visible": true
                },
                "path": {
                    "enabled": true,
                    "type": "text",
                    "value": "/",
                    "visible": true
                }
            },
            "values": [
                {
                    "language": "{36f17ac3-443f-4c73-8712-910ddc167902}",
                    "value": "6:10 PM"
                }
            ]
        },
        {
            "properties": {
                "__categories": [
                ],
                "__groups": [
                ],
                "description": {
                    "enabled": true,
                    "type": "text",
                    "value": "",
                    "visible": true
                },
                "id": {
                    "enabled": true,
                    "type": "uuid",
                    "value": "{81ddef3b-99ad-4416-85c3-4f63a8aa7acd}",
                    "visible": true
                },
                "name": {
                    "enabled": true,
                    "type": "text",
                    "value": "TempO",
                    "visible": true
                },
                "path": {
                    "enabled": true,
                    "type": "text",
                    "value": "/",
                    "visible": true
                }
            },
            "values": [
                {
                    "language": "{36f17ac3-443f-4c73-8712-910ddc167902}",
                    "value": "62°"
                }
            ]
        },
        {
            "properties": {
                "__categories": [
                ],
                "__groups": [
                ],
                "description": {
                    "enabled": true,
                    "type": "text",
                    "value": "",
                    "visible": true
                },
                "id": {
                    "enabled": true,
                    "type": "uuid",
                    "value": "{83606ee0-2a67-46c7-b4c7-50f4f950a1ac}",
                    "visible": true
                },
                "name": {
                    "enabled": true,
                    "type": "text",
                    "value": "TempI",
                    "visible": true
                },
                "path": {
                    "enabled": true,
                    "type": "text",
                    "value": "/",
                    "visible": true
                }
            },
            "values": [
                {
                    "language": "{36f17ac3-443f-4c73-8712-910ddc167902}",
                    "value": "70"
                }
            ]
        },
        {
            "properties": {
                "__categories": [
                ],
                "__groups": [
                ],
                "description": {
                    "enabled": true,
                    "type": "text",
                    "value": "",
                    "visible": true
                },
                "id": {
                    "enabled": true,
                    "type": "uuid",
                    "value": "{8d2d93f9-8c5c-47bd-997e-70adf4d8a60f}",
                    "visible": true
                },
                "name": {
                    "enabled": true,
                    "type": "text",
                    "value": "autoLabelStr",
                    "visible": true
                },
                "path": {
                    "enabled": true,
                    "type": "text",
                    "value": "/",
                    "visible": true
                }
            },
            "values": [
                {
                    "language": "{36f17ac3-443f-4c73-8712-910ddc167902}",
                    "value": "Auto"
                }
            ]
        },
        {
            "properties": {
                "__categories": [
                ],
                "__groups": [
                ],
                "description": {
                    "enabled": true,
                    "type": "text",
                    "value": "",
                    "visible": true
                },
                "id": {
                    "enabled": true,
                    "type": "uuid",
                    "value": "{8f3f499c-74b8-471a-b0c2-59c975cab8a9}",
                    "visible": true
                },
                "name": {
                    "enabled": true,
                    "type": "text",
                    "value": "dayStr",
                    "visible": true
                },
                "path": {
                    "enabled": true,
                    "type": "text",
                    "value": "/",
                    "visible": true
                }
            },
            "values": [
                {
                    "language": "{36f17ac3-443f-4c73-8712-910ddc167902}",
                    "value": "TUE"
                }
            ]
        },
        {
            "properties": {
                "__categories": [
                ],
                "__groups": [
                ],
                "description": {
                    "enabled": true,
                    "type": "text",
                    "value": "",
                    "visible": true
                },
                "id": {
                    "enabled": true,
                    "type": "uuid",
                    "value": "{9beb5a9c-7927-4881-92f5-643e100d2f69}",
                    "visible": true
                },
                "name": {
                    "enabled": true,
                    "type": "text",
                    "value": "circulateLabelStr",
                    "visible": true
                },
                "path": {
                    "enabled": true,
                    "type": "text",
                    "value": "/",
                    "visible": true
                }
            },
            "values": [
                {
                    "language": "{36f17ac3-443f-4c73-8712-910ddc167902}",
                    "value": "Circulate"
                }
            ]
        },
        {
            "properties": {
                "__categories": [
                ],
                "__groups": [
                ],
                "description": {
                    "enabled": true,
                    "type": "text",
                    "value": "",
                    "visible": true
                },
                "id": {
                    "enabled": true,
                    "type": "uuid",
                    "value": "{cdb1786b-d7fe-48cc-9220-43721e6d7cb6}",
                    "visible": true
                },
                "name": {
                    "enabled": true,
                    "type": "text",
                    "value": "Humidity",
                    "visible": true
                },
                "path": {
                    "enabled": true,
                    "type": "text",
                    "value": "/",
                    "visible": true
                }
            },
            "values": [
                {
                    "language": "{36f17ac3-443f-4c73-8712-910ddc167902}",
                    "value": "32%"
                }
            ]
        },
        {
            "properties": {
                "__categories": [
                ],
                "__groups": [
                ],
                "description": {
                    "enabled": true,
                    "type": "text",
                    "value": "",
                    "visible": true
                },
                "id": {
                    "enabled": true,
                    "type": "uuid",
                    "value": "{f5d5c480-dfeb-47d8-91f0-a8c5051c050d}",
                    "visible": true
                },
                "name": {
                    "enabled": true,
                    "type": "text",
                    "value": "tempChngStrCool",
                    "visible": true
                },
                "path": {
                    "enabled": true,
                    "type": "text",
                    "value": "/",
                    "visible": true
                }
            },
            "values": [
                {
                    "language": "{36f17ac3-443f-4c73-8712-910ddc167902}",
                    "value": "Cool Set to"
                }
            ]
        }
    ]
}
