{
    "images": [
        {
            "id": "{21ae925e-5ad5-46cc-bcd0-e53fa4d07db0}",
            "name": "cycle",
            "type": "RGB"
        },
        {
            "id": "{7fb0013c-3249-457a-9062-3ad8b4a58cd5}",
            "name": "cycle1",
            "type": "RGB"
        },
        {
            "id": "{ed84eedd-b734-455c-b685-9dd040b4dd25}",
            "name": "cycle2",
            "type": "RGB"
        },
        {
            "id": "{dc4a60b4-f354-4d73-84a6-28f1a8a7100a}",
            "name": "cycle3",
            "type": "RGB"
        },
        {
            "id": "{beea6cf4-f8f1-4167-9626-5bd343284b4d}",
            "name": "cycle4",
            "type": "RGB"
        },
        {
            "id": "{636511f3-a965-4e7b-83b0-079d1a3418a2}",
            "name": "mLogo",
            "type": "RGB"
        },
        {
            "id": "{35abf5f1-afc3-412d-9595-075bb3dcfa61}",
            "name": "homeCard",
            "type": "RGB"
        },
        {
            "id": "{7644a3de-42a5-495a-9403-0e6c862af366}",
            "name": "logosm",
            "type": "RGB"
        },
        {
            "id": "{2601fb29-b49d-4f5b-a516-3de5b7b46a3b}",
            "name": "security_key",
            "type": "RGB"
        },
        {
            "id": "{2aee360b-5fb2-4855-9616-fabe41a9aa7b}",
            "name": "glow",
            "type": "RGB"
        },
        {
            "id": "{1c1609f2-7976-49d0-82a7-e56c40c9450e}",
            "name": "home",
            "type": "RGB"
        },
        {
            "id": "{d45bd31f-be78-4758-b587-1de104762510}",
            "name": "microwave",
            "type": "RGB"
        },
        {
            "id": "{3309c930-4437-42ac-af0c-16ae2ca930fe}",
            "name": "settings",
            "type": "RGB"
        },
        {
            "id": "{d556a0f0-b386-48d0-920c-33d3c637e64e}",
            "name": "bacon",
            "type": "RGB"
        },
        {
            "id": "{64def572-a5c6-471a-9287-35adaf5f5236}",
            "name": "breakfastBurrito",
            "type": "RGB"
        },
        {
            "id": "{499eb356-7d09-4cca-a4be-da6b04831c0d}",
            "name": "burger",
            "type": "RGB"
        },
        {
            "id": "{35555a88-e135-4a7b-8f80-7bc4e32ab979}",
            "name": "chicken",
            "type": "RGB"
        },
        {
            "id": "{5c49b412-1f9b-46a4-ba54-b95a9b16344a}",
            "name": "croissants",
            "type": "RGB"
        },
        {
            "id": "{b6a98a28-2df8-4977-ae2c-8746bb7b2581}",
            "name": "eggNToast",
            "type": "RGB"
        },
        {
            "id": "{846e0f80-a50e-419b-96b7-ab292bc69226}",
            "name": "frenchToast",
            "type": "RGB"
        },
        {
            "id": "{f7c6503e-ff93-494a-b45a-5c459389fd3f}",
            "name": "garlicKont",
            "type": "RGB"
        },
        {
            "id": "{d6ae8819-0fdf-4c07-a350-0e1ddef58a3a}",
            "name": "grilledSalmon",
            "type": "RGB"
        },
        {
            "id": "{b95501d6-e608-4bee-a500-3812ef5f430e}",
            "name": "kabob",
            "type": "RGB"
        },
        {
            "id": "{449f849b-d5bf-4b79-abd5-1d0e31b7db8b}",
            "name": "muffin",
            "type": "RGB"
        },
        {
            "id": "{708731e7-c833-446f-b2ea-01556d8fb26e}",
            "name": "omlette",
            "type": "RGB"
        },
        {
            "id": "{ff8a5632-d37f-46be-ae29-454cbd623efb}",
            "name": "pancake",
            "type": "RGB"
        },
        {
            "id": "{5bad480b-c081-4361-854b-9d43d5963e0b}",
            "name": "pizza",
            "type": "RGB"
        },
        {
            "id": "{38f0189a-272d-489c-b1d1-6bb4b15e78fb}",
            "name": "quesadilla",
            "type": "RGB"
        },
        {
            "id": "{9e8d0bd5-d686-4a7c-9102-a7f0949cceda}",
            "name": "smokedSalmon",
            "type": "RGB"
        },
        {
            "id": "{3dbb0baa-f733-49e2-b265-7d3cfc87e9d7}",
            "name": "baconL",
            "type": "RGB"
        },
        {
            "id": "{db547edb-9aba-46d6-8572-30ad9383b524}",
            "name": "breakfastBurritoL",
            "type": "RGB"
        },
        {
            "id": "{843f4443-be93-4aef-bfaa-cc9646d82db9}",
            "name": "burgerL",
            "type": "RGB"
        },
        {
            "id": "{c83e949f-48cb-4548-a0a0-eaa9ef90f561}",
            "name": "chickenL",
            "type": "RGB"
        },
        {
            "id": "{b9d24410-6e41-4162-88ac-2d3762f95c0b}",
            "name": "croissantsL",
            "type": "RGB"
        },
        {
            "id": "{bd149232-a01e-4228-a984-d448843906db}",
            "name": "eggNtoastL",
            "type": "RGB"
        },
        {
            "id": "{beb1d498-9d6a-4e6e-8b62-cdf6028d460c}",
            "name": "frenchToastL",
            "type": "RGB"
        },
        {
            "id": "{99276247-8814-41f5-812d-fd74987f4505}",
            "name": "garlicKnotL",
            "type": "RGB"
        },
        {
            "id": "{f7b14f47-c9de-41a2-a829-169414965827}",
            "name": "grilledSalmonL",
            "type": "RGB"
        },
        {
            "id": "{fc6df5c6-5f6f-444a-87a3-c01f333ffaec}",
            "name": "kabobL",
            "type": "RGB"
        },
        {
            "id": "{39329323-9add-40cd-bd10-814d25a54737}",
            "name": "muffinL",
            "type": "RGB"
        },
        {
            "id": "{4eef4c60-8106-45ab-b676-18809882d27a}",
            "name": "omletteL",
            "type": "RGB"
        },
        {
            "id": "{f66ecc50-10e0-4597-b947-4f1e3403dddb}",
            "name": "pancakeL",
            "type": "RGB"
        },
        {
            "id": "{75c36fb7-f0a2-4c3f-8eaa-eeabad3cc096}",
            "name": "pizzaL",
            "type": "RGB"
        },
        {
            "id": "{13189856-fecd-4e8a-94f9-53e9794c6ed5}",
            "name": "quesadillaL",
            "type": "RGB"
        },
        {
            "id": "{abb0d29a-4f39-466e-8aa4-0a00d8cc4954}",
            "name": "smokenSalmonL",
            "type": "RGB"
        },
        {
            "id": "{de845d14-7d89-465d-be53-254d4d104a82}",
            "name": "backbtn",
            "type": "RGB"
        },
        {
            "id": "{44cd21de-0e80-4bdf-82a0-7bfd8dd6627d}",
            "name": "AddFavBtn",
            "type": "RGB"
        },
        {
            "id": "{424f370e-c4e9-4e1f-b7c3-807f9f7f7156}",
            "name": "DoneButtonBIG",
            "type": "RGB"
        },
        {
            "id": "{6a241a00-b48b-4d00-bb5a-5aeedc210968}",
            "name": "kid_star",
            "type": "RGB"
        },
        {
            "id": "{4a5a0b2e-38db-420c-878c-e1ea8dfc6a5d}",
            "name": "check",
            "type": "RGB"
        },
        {
            "id": "{99f7a5d2-cdba-4854-84d0-e2bdc74901c3}",
            "name": "roundGlowRed",
            "type": "RGB"
        },
        {
            "id": "{ead06994-ea3e-45ba-bee1-06db73847052}",
            "name": "roundGlowGreen",
            "type": "RGB"
        },
        {
            "id": "{e53cf0d8-cab1-42e8-85e4-803df28ed2e8}",
            "name": "cancelBox",
            "type": "RGB"
        },
        {
            "id": "{72679ad6-56a6-4c18-9af4-a4172587b376}",
            "name": "WhiteSBtn",
            "type": "RGB"
        },
        {
            "id": "{aa4b7159-765b-49ca-b016-9aec7af19c0e}",
            "name": "blackSBtn",
            "type": "RGB"
        },
        {
            "id": "{79522cdd-fd8e-4e98-915b-8e744d64c093}",
            "name": "CancelButton",
            "type": "RGB"
        },
        {
            "id": "{688cdd17-70d8-453b-a097-79377234f0a9}",
            "name": "cookingStg1",
            "type": "RGB"
        },
        {
            "id": "{a51672a7-0e24-40d2-b1a0-4c010477c16b}",
            "name": "cookingStg2",
            "type": "RGB"
        },
        {
            "id": "{bea1b21f-eae9-4541-be66-487db4c86ebe}",
            "name": "cookingStg3",
            "type": "RGB"
        },
        {
            "id": "{4c6ba6ca-e23a-43e1-ad99-3136fdbc2a78}",
            "name": "GreyBoxBttn",
            "type": "RGB"
        },
        {
            "id": "{e66f3975-bb94-4343-b7ee-fecee2ac7f31}",
            "name": "usb",
            "type": "RGB"
        },
        {
            "id": "{6b092e04-5981-430f-806d-0feb539976e7}",
            "name": "rss_feed",
            "type": "RGB"
        },
        {
            "id": "{b8f966a3-1baf-4cb7-a219-0d1554695fdc}",
            "name": "Keyboard",
            "type": "RGB"
        },
        {
            "id": "{255175b1-3684-4b78-b052-11ecc0381d16}",
            "name": "KeyboardCaps",
            "type": "RGB"
        },
        {
            "id": "{3359f393-90d9-4571-84df-9a1ea558371f}",
            "name": "enterPWDBox",
            "type": "RGB"
        },
        {
            "id": "{0ed2f858-870b-448f-8b60-89e5691dc1db}",
            "name": "cancelSBtn",
            "type": "RGB"
        },
        {
            "id": "{2ca97336-d6aa-4cfd-9b59-8b581c96c6da}",
            "name": "doneSBtn",
            "type": "RGB"
        },
        {
            "id": "{38c4983d-0244-4faa-aa82-afe3b1da8b4d}",
            "name": "TextFrame",
            "type": "RGB"
        },
        {
            "id": "{fec20158-db6c-40a9-85ba-219e14baac51}",
            "name": "LargeSettingBox",
            "type": "RGB"
        },
        {
            "id": "{b036d3af-6650-49a9-bfa2-d7d534b9d0b0}",
            "name": "dots1",
            "type": "RGB"
        },
        {
            "id": "{5edad254-a016-4aec-902d-4f4096e12ed3}",
            "name": "dots2",
            "type": "RGB"
        },
        {
            "id": "{f546452b-2a66-46ae-aee9-bdb7a3fa9f53}",
            "name": "scanNtw",
            "type": "RGB"
        },
        {
            "id": "{9ea53261-15e3-4c06-99e4-7c51fbeefab2}",
            "name": "wifiBttn",
            "type": "RGB"
        },
        {
            "id": "{f211ef57-4a57-40a0-99df-c5855a30d7ac}",
            "name": "wifiConnected",
            "type": "RGB"
        },
        {
            "id": "{72b2b70f-072c-48fb-9870-40cafec5434a}",
            "name": "mLogo1",
            "type": "RGB"
        },
        {
            "id": "{7e627d1a-bb8c-4255-8803-705bd71e22b2}",
            "name": "mLogo2",
            "type": "RGB"
        },
        {
            "id": "{35cac67e-6e33-480c-b59e-a594196a098f}",
            "name": "mLogo3",
            "type": "RGB"
        },
        {
            "id": "{982c5dd4-c00b-4e89-a77d-7a0709a5c3e8}",
            "name": "mLogo4",
            "type": "RGB"
        },
        {
            "id": "{50e6a721-689b-4876-adad-566ea3602abf}",
            "name": "mLogo5",
            "type": "RGB"
        },
        {
            "id": "{589a767f-d0dd-4ca3-a0f6-2cd1dd0aa3cc}",
            "name": "mLogo6",
            "type": "RGB"
        },
        {
            "id": "{32c8ffc9-3ff0-44cb-8757-5f807a1b471b}",
            "name": "mLogo7",
            "type": "RGB"
        }
    ],
    "paths": [
    ]
}
