{
    "images": [
        {
            "id": "{2bcc5ae9-49b1-4ea0-aa35-eeb95dcbc8f2}",
            "name": "RoundedGrayBG",
            "type": "RGB"
        },
        {
            "id": "{69708c04-1edf-4527-98fd-58ead85d2f10}",
            "name": "mchpLogoSm",
            "type": "RGB"
        },
        {
            "id": "{125d944a-25ad-485e-b962-38a9ed7ed03d}",
            "name": "security_key",
            "type": "RGB"
        },
        {
            "id": "{e3298c97-8a6b-4ea2-8619-e72636043040}",
            "name": "home",
            "type": "RGB"
        },
        {
            "id": "{0cd603f7-59c2-4a76-bbb2-d5e480a7f6a5}",
            "name": "microwave",
            "type": "RGB"
        },
        {
            "id": "{afd39e91-cff3-4ef7-ad95-65ae2a12f5a7}",
            "name": "settings",
            "type": "RGB"
        },
        {
            "id": "{38f9fffd-e016-4679-968b-bbbf5189f5e0}",
            "name": "bGlow",
            "type": "RGB"
        },
        {
            "id": "{8ff3775b-cdef-44a0-b20f-32c9569c8729}",
            "name": "bacon",
            "type": "RGB"
        },
        {
            "id": "{a3ab65bb-d6af-4784-808d-76e8602dd862}",
            "name": "breakfastBurS",
            "type": "RGB"
        },
        {
            "id": "{0f704f01-2948-49c1-903e-101064d9039f}",
            "name": "burgerS",
            "type": "RGB"
        },
        {
            "id": "{05c03959-1e35-4d28-9c5e-a092a2524552}",
            "name": "croisS",
            "type": "RGB"
        },
        {
            "id": "{78cc078b-c813-40f2-a079-a8d2a577ec30}",
            "name": "eggS",
            "type": "RGB"
        },
        {
            "id": "{edaf55af-4efb-4ff9-b670-46317b502111}",
            "name": "fToastS",
            "type": "RGB"
        },
        {
            "id": "{efb5951c-a427-40ec-aac9-3687dc8dbb6e}",
            "name": "garlicS",
            "type": "RGB"
        },
        {
            "id": "{ed4d7db5-ca6e-4ce3-89b5-82265a459964}",
            "name": "kabobS",
            "type": "RGB"
        },
        {
            "id": "{038c622c-71f6-42d1-bb02-e3ca2276a3ac}",
            "name": "muffinS",
            "type": "RGB"
        },
        {
            "id": "{3895f20e-1045-4c5e-9de7-bb041131884d}",
            "name": "omletteS",
            "type": "RGB"
        },
        {
            "id": "{34087ab0-99c1-4bf5-8ea1-1df5d1ba014a}",
            "name": "pancakeS",
            "type": "RGB"
        },
        {
            "id": "{a03d9383-2219-4d14-9e6d-fceecda91762}",
            "name": "pizzaS",
            "type": "RGB"
        },
        {
            "id": "{49807c4b-5a71-4ef2-bdff-5908b1f0c426}",
            "name": "quesoS",
            "type": "RGB"
        },
        {
            "id": "{9001bfd3-e0bf-418a-a278-970436ec0ccf}",
            "name": "sSalmonS",
            "type": "RGB"
        },
        {
            "id": "{0e639ae9-3da2-4cdc-9ef3-8e0a85a26be6}",
            "name": "wChickenS",
            "type": "RGB"
        },
        {
            "id": "{6bce54a8-abe3-40cf-8954-64de1d56f8d0}",
            "name": "gSalmonS",
            "type": "RGB"
        },
        {
            "id": "{59898650-ada2-4e28-8a0b-ac936cef2aec}",
            "name": "baconL",
            "type": "RGB"
        },
        {
            "id": "{d5a7d06f-2b63-462f-bf7b-24638489173c}",
            "name": "breakfastBurL",
            "type": "RGB"
        },
        {
            "id": "{488483bd-6b47-4bfb-8b15-361e86f3aa2d}",
            "name": "burgerL",
            "type": "RGB"
        },
        {
            "id": "{0730bde5-b40f-4e92-b0e3-03b576e7fd5d}",
            "name": "croisL",
            "type": "RGB"
        },
        {
            "id": "{aa5dc6f5-7e3b-4913-9b62-bea3667f0b34}",
            "name": "eggL",
            "type": "RGB"
        },
        {
            "id": "{1ff661f3-e7e2-4b34-b7c8-f0035768ad7b}",
            "name": "fToastL",
            "type": "RGB"
        },
        {
            "id": "{9e4e803f-6365-4624-854e-7b38a7af088b}",
            "name": "garlicL",
            "type": "RGB"
        },
        {
            "id": "{22534e63-b345-42c8-98ac-cbc5af800983}",
            "name": "gSalmonL",
            "type": "RGB"
        },
        {
            "id": "{806e9d09-2709-458c-b815-e986a44cd158}",
            "name": "kabobL",
            "type": "RGB"
        },
        {
            "id": "{e8b0e509-d106-4044-8c88-66c5e34ced7b}",
            "name": "muffinL",
            "type": "RGB"
        },
        {
            "id": "{cf034d11-3eb9-4e09-827a-4e4332d4a565}",
            "name": "omletteL",
            "type": "RGB"
        },
        {
            "id": "{d097b565-c0b2-4383-ac78-3db3e0423ba3}",
            "name": "pancakeL",
            "type": "RGB"
        },
        {
            "id": "{2d5d0dfe-1f13-4aa2-90d7-522695a2415e}",
            "name": "pizzaL",
            "type": "RGB"
        },
        {
            "id": "{431e3be6-f1eb-4490-8848-e069e97d48ec}",
            "name": "quesoL",
            "type": "RGB"
        },
        {
            "id": "{2c7f818b-d828-42f5-8fb5-72c477ff2c71}",
            "name": "sSalmonL",
            "type": "RGB"
        },
        {
            "id": "{5895cf12-2d36-4764-897a-2562814b415c}",
            "name": "wChickenL",
            "type": "RGB"
        },
        {
            "id": "{fca05c82-93d7-4cf1-ab3b-5cff87afecdf}",
            "name": "cookingStg1",
            "type": "RGB"
        },
        {
            "id": "{c4dd84c1-720f-4b5e-9a96-cd8bcc7d80fb}",
            "name": "cookingStg2",
            "type": "RGB"
        },
        {
            "id": "{68a11ce5-9fda-4a44-82d8-7c25027a8fe9}",
            "name": "cookingStg3",
            "type": "RGB"
        },
        {
            "id": "{dbace998-16b0-463c-ba1a-716a092ee818}",
            "name": "backBttn",
            "type": "RGB"
        },
        {
            "id": "{d1c072ae-69ac-47de-a3a0-6bd944886698}",
            "name": "FavBttn",
            "type": "RGB"
        },
        {
            "id": "{c9eacd3a-760a-4c39-acfb-303d60ee9743}",
            "name": "StartButton",
            "type": "RGB"
        },
        {
            "id": "{51ad47b8-f548-4cf6-bf56-44e32f1910d5}",
            "name": "greenCheck",
            "type": "RGB"
        },
        {
            "id": "{7cdd3b97-4825-4a5a-b09b-f8fbdad47e19}",
            "name": "CompleteGlow",
            "type": "RGB"
        },
        {
            "id": "{0bb1d4e3-f99f-4980-9379-e0e6c57ff057}",
            "name": "ProgressGlow",
            "type": "RGB"
        },
        {
            "id": "{65d6e49a-99e0-4a11-a4d2-ec0fb1d8f6be}",
            "name": "CancelBox",
            "type": "RGB"
        },
        {
            "id": "{d69527e2-63c4-4458-a391-35e9cd5c7398}",
            "name": "backCancel",
            "type": "RGB"
        },
        {
            "id": "{a974ef23-fdaa-4a3e-82d8-9a19e046672c}",
            "name": "YesCancel",
            "type": "RGB"
        },
        {
            "id": "{376cf4b8-faf6-4392-9e9e-1d35e8ec7bf0}",
            "name": "CancelButton",
            "type": "RGB"
        },
        {
            "id": "{6f5ccef9-a993-4c17-bea3-91f19c2a4353}",
            "name": "cycle",
            "type": "RGB"
        },
        {
            "id": "{3be57f4f-21a6-4b15-a0eb-4e0a8b54d9a7}",
            "name": "usb",
            "type": "RGB"
        },
        {
            "id": "{ab2f2105-75eb-445d-a7d9-df0a697876fd}",
            "name": "rss_feed",
            "type": "RGB"
        },
        {
            "id": "{8e24813d-2eab-41b6-a10b-d96df41ee3be}",
            "name": "GreyBox4bttn",
            "type": "RGB"
        },
        {
            "id": "{f5a9e58d-0f44-4d91-a279-e03d86379bd1}",
            "name": "KeyboardLC",
            "type": "RGB"
        },
        {
            "id": "{04ea3328-91cf-4574-b9a4-a01d593fd085}",
            "name": "KeyboardUC",
            "type": "RGB"
        },
        {
            "id": "{b976ac35-f1d3-4eed-b876-d9e3ab0dd9c5}",
            "name": "MCHPLogo",
            "type": "RGB"
        },
        {
            "id": "{d956a2a5-3b16-4209-9cfa-868a74990e7c}",
            "name": "MCHPLogo0",
            "type": "RGB"
        },
        {
            "id": "{552d8f81-53fb-46a9-a5c8-de493cb65d5a}",
            "name": "MCHPLogo1",
            "type": "RGB"
        },
        {
            "id": "{c6dd78f3-c2d0-4585-b18a-ef9a587f0ee5}",
            "name": "MCHPLogo2",
            "type": "RGB"
        },
        {
            "id": "{b03da4d2-b9eb-4341-bd26-a81fca59fb6d}",
            "name": "MCHPLogo3",
            "type": "RGB"
        },
        {
            "id": "{e068c2dc-5d37-4334-8f9b-5b0f04256a58}",
            "name": "MCHPLogo4",
            "type": "RGB"
        },
        {
            "id": "{b5504ddb-2946-41c2-9080-442f2894665f}",
            "name": "MCHPLogo5",
            "type": "RGB"
        },
        {
            "id": "{b17a4ccc-3648-477f-af3f-f431bf48178f}",
            "name": "MCHPLogo6",
            "type": "RGB"
        },
        {
            "id": "{d2bc5ba3-395b-4738-9f3f-8e329839dae1}",
            "name": "MCHPLogo7",
            "type": "RGB"
        },
        {
            "id": "{f34d2fbd-8902-4aa5-a083-75348a38df59}",
            "name": "SettingsCancel",
            "type": "RGB"
        },
        {
            "id": "{5c7d53af-9b27-4057-b848-0f7a7ab0f5d3}",
            "name": "SettingYes",
            "type": "RGB"
        },
        {
            "id": "{c9e2e2be-a420-48d9-b63a-728cdcfc94f4}",
            "name": "SearchField",
            "type": "RGB"
        },
        {
            "id": "{d169b288-c1ae-4645-bb92-a326a9225750}",
            "name": "LargeSettingsBox",
            "type": "RGB"
        },
        {
            "id": "{65b8a5fd-e609-4297-a6dd-96dabb51aceb}",
            "name": "dots1",
            "type": "RGB"
        },
        {
            "id": "{9da2c8c8-f707-4545-a5ff-7cc0be304da2}",
            "name": "dots2",
            "type": "RGB"
        },
        {
            "id": "{f986df9c-1276-4a3f-a1ff-3f3bfb82633d}",
            "name": "scanNtw",
            "type": "RGB"
        },
        {
            "id": "{93adcb10-1b12-47ed-a184-acf90a2705b8}",
            "name": "wifiConnected",
            "type": "RGB"
        },
        {
            "id": "{73dc51ef-db70-4c3a-9d8a-298de1739a8c}",
            "name": "wifiBttn",
            "type": "RGB"
        },
        {
            "id": "{fca15ab6-6ca5-447b-816d-0132dd808e5e}",
            "name": "cycle4",
            "type": "RGB"
        },
        {
            "id": "{985afec8-dec5-4eb0-8535-0559d312050a}",
            "name": "cycle1",
            "type": "RGB"
        },
        {
            "id": "{9903df84-c3c5-4333-92ed-c47bf076ff3b}",
            "name": "cycle2",
            "type": "RGB"
        },
        {
            "id": "{bac6ac95-cbd5-4116-80e8-15e45b25fb66}",
            "name": "cycle3",
            "type": "RGB"
        }
    ],
    "paths": [
    ]
}
