{
    "fonts": [
        {
            "id": "{7ab52cea-c3e8-4193-9061-883c63407722}",
            "name": "NotoSans50"
        },
        {
            "id": "{001434d7-c537-4454-b2de-05bee60f6830}",
            "name": "NotoSans24"
        },
        {
            "id": "{72cc5f3a-c8c6-4482-a702-76a6786bcb27}",
            "name": "NotoSansBold24"
        },
        {
            "id": "{116253ac-b8cb-4988-928f-42e81d2b4943}",
            "name": "NotoSansBold70"
        }
    ],
    "paths": [
    ]
}
