{
    "bindings": [
        {
            "font": "{294b6ec1-43e6-4125-a0cb-f618f833ce35}",
            "language": "{8a9fec77-ceeb-432a-b782-61ebe8f30a48}",
            "string": "{fd0957c8-7dd6-4a9e-9e1a-096694ec7a39}"
        }
    ],
    "defaultLanguage": "{8a9fec77-ceeb-432a-b782-61ebe8f30a48}",
    "encoding": "ASCII",
    "languages": [
        {
            "properties": {
                "__categories": [
                ],
                "__groups": [
                ],
                "enabled": {
                    "enabled": true,
                    "type": "boolean",
                    "value": true,
                    "visible": true
                },
                "id": {
                    "enabled": true,
                    "type": "uuid",
                    "value": "{8a9fec77-ceeb-432a-b782-61ebe8f30a48}",
                    "visible": true
                },
                "name": {
                    "enabled": true,
                    "type": "text",
                    "value": "Default",
                    "visible": true
                }
            }
        }
    ],
    "paths": [
    ],
    "strings": [
        {
            "properties": {
                "__categories": [
                ],
                "__groups": [
                ],
                "description": {
                    "enabled": true,
                    "type": "text",
                    "value": "",
                    "visible": true
                },
                "id": {
                    "enabled": true,
                    "type": "uuid",
                    "value": "{fd0957c8-7dd6-4a9e-9e1a-096694ec7a39}",
                    "visible": true
                },
                "name": {
                    "enabled": true,
                    "type": "text",
                    "value": "Smart",
                    "visible": true
                },
                "path": {
                    "enabled": true,
                    "type": "text",
                    "value": "/",
                    "visible": true
                }
            },
            "values": [
                {
                    "language": "{8a9fec77-ceeb-432a-b782-61ebe8f30a48}",
                    "value": "Smart."
                }
            ]
        }
    ]
}
