{
    "images": [
        {
            "id": "{75d71d27-c3ff-4cbf-9ff3-672a1a7bc874}",
            "name": "redImg",
            "type": "RGB"
        },
        {
            "id": "{0d9a3aac-351f-4aaf-ac56-4b325a7aef40}",
            "name": "blueImg",
            "type": "RGB"
        },
        {
            "id": "{98a6e796-b681-437d-aa23-8f3d9d174f90}",
            "name": "greenImg",
            "type": "RGB"
        },
        {
            "id": "{a192113d-cb7a-4f05-8196-3c41ade267f0}",
            "name": "blackImg",
            "type": "RGB"
        }
    ],
    "paths": [
    ]
}
