{
    "fonts": [
        {
            "id": "{cb7d7bc8-938f-490a-a21e-5159ff29fcee}",
            "name": "bold24"
        },
        {
            "id": "{4d0d76d3-1df9-4e3f-a6c5-5c673719f2cd}",
            "name": "regular24"
        },
        {
            "id": "{415a590a-acc2-46c3-8997-c011dec97f82}",
            "name": "regular16"
        },
        {
            "id": "{82ad11be-7c61-4973-819c-c43fd8e47e87}",
            "name": "bold32"
        },
        {
            "id": "{3ca22854-069b-423d-8645-5e961b496fdd}",
            "name": "regular32"
        },
        {
            "id": "{fef5ea0b-a504-448c-9dac-052af2c26d1a}",
            "name": "bold80"
        }
    ],
    "paths": [
    ]
}
